date,destination_id,historical_footfall,accommodation_occupancy,booking_demand,search_demand,event_pressure,holiday_pressure,weather_pressure,traffic_pressure,observed_pressure,source,data_quality,confidence
2023-01-01,darjeeling,85.8,76.9,85.1,72.7,14.6,35.2,56.7,100.0,69.6,SYNTHETIC_GENERATOR,HIGH,0.92
2023-01-01,kalimpong,59.1,55.6,58.6,49.0,13.4,33.2,48.6,74.4,51.8,SYNTHETIC_GENERATOR,HIGH,0.92
2023-01-01,lava,35.8,29.7,43.4,33.5,9.4,27.3,57.5,46.0,36.8,SYNTHETIC_GENERATOR,HIGH,0.92
2023-01-01,lolegaon,33.0,31.8,40.8,31.3,12.0,39.6,50.5,45.7,36.6,SYNTHETIC_GENERATOR,HIGH,0.92
2023-01-01,rishop,30.6,29.7,39.0,27.7,14.2,25.7,48.7,40.6,34.0,SYNTHETIC_GENERATOR,HIGH,0.92
2023-01-01,mirik,47.6,43.0,52.9,40.5,9.8,28.1,49.2,64.8,44.8,SYNTHETIC_GENERATOR,HIGH,0.92
2023-01-02,darjeeling,72.3,68.8,63.9,65.9,3.3,8.8,57.9,76.2,52.6,SYNTHETIC_GENERATOR,HIGH,0.92
2023-01-02,kalimpong,53.0,52.0,46.6,42.0,4.5,7.7,48.5,54.1,40.0,SYNTHETIC_GENERATOR,HIGH,0.92
2023-01-02,lava,30.2,26.9,29.0,25.5,9.3,9.6,49.2,25.4,24.5,SYNTHETIC_GENERATOR,HIGH,0.92
2023-01-02,lolegaon,25.9,27.5,23.0,20.0,10.0,10.1,47.1,20.7,22.6,SYNTHETIC_GENERATOR,HIGH,0.92
2023-01-02,rishop,20.3,20.1,21.0,17.1,2.5,8.8,58.0,19.8,25.1,SYNTHETIC_GENERATOR,HIGH,0.92
2023-01-02,mirik,38.0,37.5,36.4,33.8,4.1,11.4,47.3,35.8,31.0,SYNTHETIC_GENERATOR,HIGH,0.92
2023-01-03,darjeeling,71.0,70.4,68.3,60.1,6.0,6.8,57.0,76.8,55.0,SYNTHETIC_GENERATOR,HIGH,0.92
2023-01-03,kalimpong,51.4,45.5,49.4,45.6,8.2,10.3,46.0,47.8,43.1,SYNTHETIC_GENERATOR,HIGH,0.92
2023-01-03,lava,24.2,26.2,25.3,24.6,4.5,5.6,56.5,26.6,26.6,SYNTHETIC_GENERATOR,HIGH,0.92
2023-01-03,lolegaon,22.3,23.0,22.6,15.9,5.8,10.5,49.2,24.6,23.3,SYNTHETIC_GENERATOR,HIGH,0.92
2023-01-03,rishop,22.5,18.8,21.0,22.1,3.6,8.1,57.9,22.4,19.4,SYNTHETIC_GENERATOR,HIGH,0.92
2023-01-03,mirik,38.7,34.2,34.3,34.9,3.8,7.2,46.9,38.0,32.1,SYNTHETIC_GENERATOR,HIGH,0.92
2023-01-04,darjeeling,69.4,68.5,66.7,56.8,3.9,11.7,48.6,69.4,55.8,SYNTHETIC_GENERATOR,HIGH,0.92
2023-01-04,kalimpong,50.4,49.7,48.8,41.3,2.8,9.3,51.1,48.1,38.9,SYNTHETIC_GENERATOR,HIGH,0.92
2023-01-04,lava,29.2,28.8,30.7,21.7,5.2,8.4,56.3,24.7,27.1,SYNTHETIC_GENERATOR,HIGH,0.92
2023-01-04,lolegaon,24.8,21.5,20.8,26.1,5.5,13.6,52.6,19.9,25.1,SYNTHETIC_GENERATOR,HIGH,0.92
2023-01-04,rishop,26.5,27.6,28.1,27.6,8.8,6.7,51.8,21.7,24.5,SYNTHETIC_GENERATOR,HIGH,0.92
2023-01-04,mirik,40.6,42.0,35.5,38.6,5.6,9.2,57.5,42.4,35.6,SYNTHETIC_GENERATOR,HIGH,0.92
2023-01-05,darjeeling,71.7,69.1,63.2,61.1,9.7,10.8,52.5,76.5,58.2,SYNTHETIC_GENERATOR,HIGH,0.92
2023-01-05,kalimpong,50.6,50.4,43.8,49.1,2.6,6.9,53.1,49.9,41.4,SYNTHETIC_GENERATOR,HIGH,0.92
2023-01-05,lava,25.7,21.1,26.8,20.1,6.8,11.2,51.0,24.8,18.6,SYNTHETIC_GENERATOR,HIGH,0.92
2023-01-05,lolegaon,23.2,23.5,19.3,19.4,7.4,8.0,49.8,24.3,21.3,SYNTHETIC_GENERATOR,HIGH,0.92
2023-01-05,rishop,20.0,18.5,22.4,22.6,2.6,7.1,49.2,22.8,24.0,SYNTHETIC_GENERATOR,HIGH,0.92
2023-01-05,mirik,40.5,35.3,39.9,37.7,6.9,14.9,53.8,34.4,30.8,SYNTHETIC_GENERATOR,HIGH,0.92
2023-01-06,darjeeling,82.5,75.9,85.2,77.0,6.7,26.7,47.3,100.0,66.9,SYNTHETIC_GENERATOR,HIGH,0.92
2023-01-06,kalimpong,59.1,53.2,63.4,49.6,11.4,38.6,56.2,70.4,55.5,SYNTHETIC_GENERATOR,HIGH,0.92
2023-01-06,lava,31.1,27.4,32.6,30.1,13.3,28.9,54.9,44.3,32.8,SYNTHETIC_GENERATOR,HIGH,0.92
2023-01-06,lolegaon,25.8,27.3,35.0,23.2,15.8,33.7,47.8,37.0,30.9,SYNTHETIC_GENERATOR,HIGH,0.92
2023-01-06,rishop,25.2,26.9,33.6,25.8,16.7,28.2,49.0,35.2,31.0,SYNTHETIC_GENERATOR,HIGH,0.92
2023-01-06,mirik,46.7,44.9,48.2,45.4,16.2,39.6,55.7,63.6,41.7,SYNTHETIC_GENERATOR,HIGH,0.92
2023-01-07,darjeeling,86.0,82.7,85.8,80.0,15.4,38.0,55.7,100.0,72.3,SYNTHETIC_GENERATOR,HIGH,0.92
2023-01-07,kalimpong,67.2,66.0,67.6,62.3,11.0,29.6,55.5,78.3,56.7,SYNTHETIC_GENERATOR,HIGH,0.92
2023-01-07,lava,32.3,27.9,36.3,32.1,17.6,29.2,53.7,43.9,37.0,SYNTHETIC_GENERATOR,HIGH,0.92
2023-01-07,lolegaon,35.4,30.2,44.3,27.9,17.5,29.0,47.3,46.5,35.3,SYNTHETIC_GENERATOR,HIGH,0.92
2023-01-07,rishop,31.6,28.2,37.9,27.9,10.0,33.6,49.1,44.6,38.4,SYNTHETIC_GENERATOR,HIGH,0.92
2023-01-07,mirik,53.7,52.2,59.3,49.0,9.7,26.0,54.0,64.9,48.4,SYNTHETIC_GENERATOR,HIGH,0.92
2023-01-08,darjeeling,83.5,81.3,86.6,71.5,9.0,31.1,50.8,100.0,70.6,SYNTHETIC_GENERATOR,HIGH,0.92
2023-01-08,kalimpong,64.2,61.8,70.3,57.7,8.9,33.2,46.0,76.2,57.1,SYNTHETIC_GENERATOR,HIGH,0.92
2023-01-08,lava,33.1,31.8,39.7,28.8,10.7,28.2,51.7,48.5,35.3,SYNTHETIC_GENERATOR,HIGH,0.92
2023-01-08,lolegaon,27.6,26.1,34.5,22.6,15.6,36.3,54.1,39.1,30.7,SYNTHETIC_GENERATOR,HIGH,0.92
2023-01-08,rishop,26.1,20.7,30.0,22.7,16.0,26.1,51.0,40.1,30.3,SYNTHETIC_GENERATOR,HIGH,0.92
2023-01-08,mirik,50.4,45.3,55.6,39.4,14.8,36.6,47.3,63.0,49.1,SYNTHETIC_GENERATOR,HIGH,0.92
2023-01-09,darjeeling,38.0,39.4,35.1,28.9,4.0,13.5,51.5,45.1,30.2,SYNTHETIC_GENERATOR,HIGH,0.92
2023-01-09,kalimpong,29.3,31.1,30.1,26.9,7.8,10.0,56.0,31.0,22.6,SYNTHETIC_GENERATOR,HIGH,0.92
2023-01-09,lava,18.4,19.2,16.7,13.8,4.0,11.4,55.2,18.9,18.2,SYNTHETIC_GENERATOR,HIGH,0.92
2023-01-09,lolegaon,11.3,8.9,8.6,8.1,6.3,6.4,48.8,15.1,12.3,SYNTHETIC_GENERATOR,HIGH,0.92
2023-01-09,rishop,14.4,10.0,12.5,13.1,5.3,7.1,51.0,18.6,13.0,SYNTHETIC_GENERATOR,HIGH,0.92
2023-01-09,mirik,25.9,26.5,22.9,17.9,4.8,12.5,56.2,30.2,23.3,SYNTHETIC_GENERATOR,HIGH,0.92
2023-01-10,darjeeling,39.7,39.3,36.9,36.0,3.8,7.2,51.2,40.5,31.6,SYNTHETIC_GENERATOR,HIGH,0.92
2023-01-10,kalimpong,27.9,23.5,25.4,20.8,7.0,5.3,50.7,30.0,27.2,SYNTHETIC_GENERATOR,HIGH,0.92
2023-01-10,lava,12.3,12.7,8.4,10.4,2.4,8.8,48.5,12.9,14.1,SYNTHETIC_GENERATOR,HIGH,0.92
2023-01-10,lolegaon,16.1,17.8,12.8,10.0,2.2,10.4,58.0,15.9,15.3,SYNTHETIC_GENERATOR,HIGH,0.92
2023-01-10,rishop,14.1,15.5,14.2,15.0,9.6,7.0,46.2,12.4,18.5,SYNTHETIC_GENERATOR,HIGH,0.92
2023-01-10,mirik,23.8,20.1,23.5,23.6,3.3,11.1,55.0,21.8,25.0,SYNTHETIC_GENERATOR,HIGH,0.92
2023-01-11,darjeeling,42.5,43.7,36.0,32.7,4.5,11.8,57.5,46.1,35.7,SYNTHETIC_GENERATOR,HIGH,0.92
2023-01-11,kalimpong,29.9,29.1,24.3,29.0,8.8,11.0,47.5,35.0,26.5,SYNTHETIC_GENERATOR,HIGH,0.92
2023-01-11,lava,17.6,15.3,15.6,14.2,6.0,8.4,56.2,20.8,23.3,SYNTHETIC_GENERATOR,HIGH,0.92
2023-01-11,lolegaon,15.2,16.9,15.6,12.7,7.9,14.7,49.2,18.9,21.9,SYNTHETIC_GENERATOR,HIGH,0.92
2023-01-11,rishop,13.3,12.4,11.7,14.0,4.1,13.5,56.0,11.3,17.3,SYNTHETIC_GENERATOR,HIGH,0.92
2023-01-11,mirik,23.2,22.7,20.4,15.7,8.8,6.8,48.5,26.8,20.8,SYNTHETIC_GENERATOR,HIGH,0.92
2023-01-12,darjeeling,39.2,39.9,37.7,32.3,71.1,14.5,47.0,45.6,37.2,SYNTHETIC_GENERATOR,HIGH,0.92
2023-01-12,kalimpong,29.9,29.3,27.4,29.2,71.7,7.2,54.3,29.6,33.9,SYNTHETIC_GENERATOR,HIGH,0.92
2023-01-12,lava,16.2,15.0,15.2,13.5,4.6,12.0,49.3,15.2,18.2,SYNTHETIC_GENERATOR,HIGH,0.92
2023-01-12,lolegaon,11.6,11.2,12.8,7.1,74.9,12.2,57.7,14.0,23.6,SYNTHETIC_GENERATOR,HIGH,0.92
2023-01-12,rishop,11.5,7.6,8.1,7.4,71.1,10.3,49.3,17.1,17.2,SYNTHETIC_GENERATOR,HIGH,0.92
2023-01-12,mirik,20.8,22.5,19.1,22.0,5.8,9.4,48.2,18.9,19.6,SYNTHETIC_GENERATOR,HIGH,0.92
2023-01-13,darjeeling,52.4,49.1,58.8,45.1,6.0,34.4,46.6,73.7,46.6,SYNTHETIC_GENERATOR,HIGH,0.92
2023-01-13,kalimpong,39.1,33.7,46.1,35.5,15.3,28.4,52.3,56.4,38.7,SYNTHETIC_GENERATOR,HIGH,0.92
2023-01-13,lava,19.2,20.9,29.6,14.9,13.1,34.1,54.9,38.7,28.4,SYNTHETIC_GENERATOR,HIGH,0.92
2023-01-13,lolegaon,18.9,15.0,22.8,12.4,5.0,31.8,53.1,33.2,25.2,SYNTHETIC_GENERATOR,HIGH,0.92
2023-01-13,rishop,14.6,15.4,23.1,12.4,13.9,38.9,55.5,31.8,22.1,SYNTHETIC_GENERATOR,HIGH,0.92
2023-01-13,mirik,28.9,27.5,35.8,29.5,15.7,26.1,48.0,44.7,28.1,SYNTHETIC_GENERATOR,HIGH,0.92
2023-01-14,darjeeling,60.0,57.0,61.5,49.0,14.0,35.5,57.3,83.7,54.0,SYNTHETIC_GENERATOR,HIGH,0.92
2023-01-14,kalimpong,39.4,36.5,42.8,32.2,6.2,39.4,56.0,57.7,39.9,SYNTHETIC_GENERATOR,HIGH,0.92
2023-01-14,lava,26.8,29.2,34.0,21.3,5.5,36.3,51.6,41.9,32.5,SYNTHETIC_GENERATOR,HIGH,0.92
2023-01-14,lolegaon,21.9,21.7,28.1,15.2,9.5,30.0,54.0,40.0,26.9,SYNTHETIC_GENERATOR,HIGH,0.92
2023-01-14,rishop,18.8,19.2,23.6,21.0,15.6,33.3,51.5,32.3,23.6,SYNTHETIC_GENERATOR,HIGH,0.92
2023-01-14,mirik,34.7,32.7,43.8,32.1,12.1,31.2,48.3,49.8,41.7,SYNTHETIC_GENERATOR,HIGH,0.92
2023-01-15,darjeeling,55.6,53.3,61.2,46.0,12.1,38.9,51.3,81.1,56.8,SYNTHETIC_GENERATOR,HIGH,0.92
2023-01-15,kalimpong,39.9,35.4,42.0,35.6,12.2,26.4,57.9,60.8,44.0,SYNTHETIC_GENERATOR,HIGH,0.92
2023-01-15,lava,21.3,17.0,30.3,18.7,14.3,32.6,49.3,39.3,29.3,SYNTHETIC_GENERATOR,HIGH,0.92
2023-01-15,lolegaon,19.9,17.8,29.7,17.6,16.4,38.0,49.3,37.9,27.7,SYNTHETIC_GENERATOR,HIGH,0.92
2023-01-15,rishop,17.7,20.1,24.3,18.8,8.7,29.5,53.0,37.0,24.6,SYNTHETIC_GENERATOR,HIGH,0.92
2023-01-15,mirik,32.7,29.5,38.5,29.2,10.9,29.8,48.3,50.9,34.6,SYNTHETIC_GENERATOR,HIGH,0.92
2023-01-16,darjeeling,40.8,36.2,39.7,31.3,8.0,12.1,55.7,44.4,32.8,SYNTHETIC_GENERATOR,HIGH,0.92
2023-01-16,kalimpong,32.0,30.0,25.7,28.2,6.7,13.7,56.5,32.4,25.0,SYNTHETIC_GENERATOR,HIGH,0.92
2023-01-16,lava,15.8,14.5,16.3,13.0,7.2,6.5,51.6,20.6,16.1,SYNTHETIC_GENERATOR,HIGH,0.92
2023-01-16,lolegaon,15.3,17.2,16.9,17.1,5.0,8.2,54.6,18.6,21.6,SYNTHETIC_GENERATOR,HIGH,0.92
2023-01-16,rishop,15.6,11.0,10.9,15.0,9.4,15.0,55.0,15.7,20.0,SYNTHETIC_GENERATOR,HIGH,0.92
2023-01-16,mirik,26.0,24.0,25.5,26.9,2.4,13.0,49.5,25.7,26.2,SYNTHETIC_GENERATOR,HIGH,0.92
2023-01-17,darjeeling,37.8,35.8,35.3,36.2,3.4,5.8,56.5,43.4,33.3,SYNTHETIC_GENERATOR,HIGH,0.92
2023-01-17,kalimpong,26.1,24.2,22.0,20.5,2.1,13.0,56.8,29.3,29.3,SYNTHETIC_GENERATOR,HIGH,0.92
2023-01-17,lava,13.2,11.9,10.9,12.5,7.1,9.2,49.0,17.7,16.5,SYNTHETIC_GENERATOR,HIGH,0.92
2023-01-17,lolegaon,14.2,11.2,13.6,13.2,9.9,8.0,57.7,17.0,19.3,SYNTHETIC_GENERATOR,HIGH,0.92
2023-01-17,rishop,11.4,11.2,12.0,12.5,2.4,11.1,52.0,16.5,14.6,SYNTHETIC_GENERATOR,HIGH,0.92
2023-01-17,mirik,24.1,21.5,23.3,22.4,7.4,12.2,53.9,27.9,27.9,SYNTHETIC_GENERATOR,HIGH,0.92
2023-01-18,darjeeling,41.2,42.0,39.1,34.3,5.5,10.8,54.8,42.4,34.2,SYNTHETIC_GENERATOR,HIGH,0.92
2023-01-18,kalimpong,26.3,21.8,24.5,27.9,6.2,14.1,56.0,26.1,28.7,SYNTHETIC_GENERATOR,HIGH,0.92
2023-01-18,lava,17.9,16.7,18.9,18.2,4.7,6.2,57.6,15.5,23.3,SYNTHETIC_GENERATOR,HIGH,0.92
2023-01-18,lolegaon,15.9,18.8,18.4,17.0,4.9,12.9,46.2,17.2,17.7,SYNTHETIC_GENERATOR,HIGH,0.92
2023-01-18,rishop,12.7,13.3,13.1,12.0,8.6,14.4,47.3,12.0,20.4,SYNTHETIC_GENERATOR,HIGH,0.92
2023-01-18,mirik,23.8,25.7,19.7,16.6,8.6,14.1,49.6,24.2,23.6,SYNTHETIC_GENERATOR,HIGH,0.92
2023-01-19,darjeeling,37.8,39.1,33.2,33.2,2.8,13.9,47.6,42.1,30.8,SYNTHETIC_GENERATOR,HIGH,0.92
2023-01-19,kalimpong,31.7,29.2,31.1,24.4,5.3,6.0,51.9,31.9,24.2,SYNTHETIC_GENERATOR,HIGH,0.92
2023-01-19,lava,18.8,13.9,16.3,16.0,9.6,13.6,47.2,20.6,13.2,SYNTHETIC_GENERATOR,HIGH,0.92
2023-01-19,lolegaon,13.3,11.7,9.8,7.9,8.8,9.5,54.0,16.2,14.0,SYNTHETIC_GENERATOR,HIGH,0.92
2023-01-19,rishop,13.7,9.0,14.9,9.5,3.0,10.6,46.8,17.0,15.6,SYNTHETIC_GENERATOR,HIGH,0.92
2023-01-19,mirik,26.0,23.1,21.1,26.9,2.0,13.6,47.7,23.7,24.6,SYNTHETIC_GENERATOR,HIGH,0.92
2023-01-20,darjeeling,47.6,42.1,53.1,37.1,5.2,36.8,48.9,70.6,45.1,SYNTHETIC_GENERATOR,HIGH,0.92
2023-01-20,kalimpong,37.3,35.3,44.3,32.6,15.1,32.7,47.3,55.4,39.3,SYNTHETIC_GENERATOR,HIGH,0.92
2023-01-20,lava,22.7,17.7,31.1,23.6,11.8,31.9,57.6,34.2,26.1,SYNTHETIC_GENERATOR,HIGH,0.92
2023-01-20,lolegaon,19.1,17.9,28.8,12.5,6.1,34.1,46.8,33.2,25.1,SYNTHETIC_GENERATOR,HIGH,0.92
2023-01-20,rishop,17.4,16.7,22.6,20.3,11.9,31.8,53.3,29.6,23.4,SYNTHETIC_GENERATOR,HIGH,0.92
2023-01-20,mirik,30.5,30.8,37.8,24.0,10.9,28.4,50.1,47.2,29.2,SYNTHETIC_GENERATOR,HIGH,0.92
2023-01-21,darjeeling,57.7,51.0,60.5,52.4,9.9,27.3,57.1,78.1,52.2,SYNTHETIC_GENERATOR,HIGH,0.92
2023-01-21,kalimpong,39.8,39.3,47.1,35.6,12.6,33.4,50.0,54.4,39.4,SYNTHETIC_GENERATOR,HIGH,0.92
2023-01-21,lava,22.6,22.6,30.8,23.6,14.4,39.5,53.2,36.4,28.6,SYNTHETIC_GENERATOR,HIGH,0.92
2023-01-21,lolegaon,22.4,18.8,25.5,23.2,9.8,36.4,52.9,39.9,27.5,SYNTHETIC_GENERATOR,HIGH,0.92
2023-01-21,rishop,22.4,24.9,31.2,20.8,13.4,25.4,57.1,39.0,29.1,SYNTHETIC_GENERATOR,HIGH,0.92
2023-01-21,mirik,36.8,33.1,40.6,27.4,16.3,33.5,50.8,49.8,38.2,SYNTHETIC_GENERATOR,HIGH,0.92
2023-01-22,darjeeling,54.7,47.7,60.3,45.3,10.5,30.1,50.4,80.5,50.6,SYNTHETIC_GENERATOR,HIGH,0.92
2023-01-22,kalimpong,36.2,30.4,38.6,33.0,13.8,29.1,53.9,54.3,34.1,SYNTHETIC_GENERATOR,HIGH,0.92
2023-01-22,lava,21.2,18.1,29.5,14.8,10.6,29.2,54.1,36.5,26.3,SYNTHETIC_GENERATOR,HIGH,0.92
2023-01-22,lolegaon,18.8,18.5,21.4,14.6,7.7,27.1,49.1,33.4,23.1,SYNTHETIC_GENERATOR,HIGH,0.92
2023-01-22,rishop,14.8,15.9,19.0,11.8,14.1,32.5,56.0,33.4,27.8,SYNTHETIC_GENERATOR,HIGH,0.92
2023-01-22,mirik,29.2,23.6,38.2,29.3,12.5,33.6,54.5,45.8,35.4,SYNTHETIC_GENERATOR,HIGH,0.92
2023-01-23,darjeeling,37.6,31.5,33.2,36.1,6.9,13.3,57.0,39.0,33.4,SYNTHETIC_GENERATOR,HIGH,0.92
2023-01-23,kalimpong,29.2,27.6,26.0,23.8,4.7,8.3,48.0,30.6,24.1,SYNTHETIC_GENERATOR,HIGH,0.92
2023-01-23,lava,12.9,12.2,15.1,9.8,7.8,13.2,55.8,12.6,17.5,SYNTHETIC_GENERATOR,HIGH,0.92
2023-01-23,lolegaon,15.0,16.2,15.0,10.0,8.2,9.9,55.1,18.4,19.2,SYNTHETIC_GENERATOR,HIGH,0.92
2023-01-23,rishop,12.6,15.2,12.1,12.4,7.0,13.6,53.5,11.3,18.5,SYNTHETIC_GENERATOR,HIGH,0.92
2023-01-23,mirik,22.0,18.9,16.7,19.4,4.5,9.5,46.7,26.1,21.6,SYNTHETIC_GENERATOR,HIGH,0.92
2023-01-24,darjeeling,37.3,38.0,37.2,34.0,6.1,9.6,52.7,44.3,35.7,SYNTHETIC_GENERATOR,HIGH,0.92
2023-01-24,kalimpong,30.8,30.2,26.9,26.9,3.2,5.6,47.2,35.1,25.3,SYNTHETIC_GENERATOR,HIGH,0.92
2023-01-24,lava,14.5,15.3,13.4,9.5,4.0,9.4,51.3,16.1,17.5,SYNTHETIC_GENERATOR,HIGH,0.92
2023-01-24,lolegaon,12.8,11.3,10.5,12.2,8.3,11.5,46.8,11.4,16.6,SYNTHETIC_GENERATOR,HIGH,0.92
2023-01-24,rishop,14.2,11.6,14.9,14.1,9.3,13.7,50.0,15.9,18.5,SYNTHETIC_GENERATOR,HIGH,0.92
2023-01-24,mirik,26.7,26.7,23.7,24.4,9.5,8.1,50.5,29.6,26.8,SYNTHETIC_GENERATOR,HIGH,0.92
2023-01-25,darjeeling,42.5,41.3,41.7,39.8,7.5,10.3,53.8,46.3,35.6,SYNTHETIC_GENERATOR,HIGH,0.92
2023-01-25,kalimpong,26.4,22.5,27.9,23.1,3.8,6.4,46.9,30.9,25.8,SYNTHETIC_GENERATOR,HIGH,0.92
2023-01-25,lava,12.8,14.2,14.5,15.1,2.3,8.4,55.2,11.7,15.1,SYNTHETIC_GENERATOR,HIGH,0.92
2023-01-25,lolegaon,16.6,17.8,17.7,11.3,5.5,9.1,54.1,15.4,19.0,SYNTHETIC_GENERATOR,HIGH,0.92
2023-01-25,rishop,12.6,10.1,13.6,10.6,6.3,8.1,55.7,13.8,16.7,SYNTHETIC_GENERATOR,HIGH,0.92
2023-01-25,mirik,26.5,28.8,24.1,21.1,5.1,10.3,57.6,29.6,23.9,SYNTHETIC_GENERATOR,HIGH,0.92
2023-01-26,darjeeling,60.5,54.0,53.7,66.7,9.0,85.3,47.2,66.7,57.1,SYNTHETIC_GENERATOR,HIGH,0.92
2023-01-26,kalimpong,40.5,36.3,40.5,44.1,5.5,87.2,48.7,39.6,40.6,SYNTHETIC_GENERATOR,HIGH,0.92
2023-01-26,lava,18.4,13.5,13.4,28.2,3.9,87.5,50.5,15.0,29.9,SYNTHETIC_GENERATOR,HIGH,0.92
2023-01-26,lolegaon,18.2,19.4,13.8,25.9,8.6,86.0,47.7,20.3,25.8,SYNTHETIC_GENERATOR,HIGH,0.92
2023-01-26,rishop,15.2,10.3,10.6,22.9,8.7,85.2,54.7,16.2,26.4,SYNTHETIC_GENERATOR,HIGH,0.92
2023-01-26,mirik,29.0,23.6,26.0,40.5,5.7,83.1,56.9,29.9,36.1,SYNTHETIC_GENERATOR,HIGH,0.92
2023-01-27,darjeeling,45.9,43.3,48.2,36.8,10.6,34.2,48.9,69.7,43.6,SYNTHETIC_GENERATOR,HIGH,0.92
2023-01-27,kalimpong,38.9,33.1,44.0,34.3,17.8,33.3,50.7,56.4,38.7,SYNTHETIC_GENERATOR,HIGH,0.92
2023-01-27,lava,20.5,23.1,24.9,13.2,15.3,30.2,54.8,37.1,27.7,SYNTHETIC_GENERATOR,HIGH,0.92
2023-01-27,lolegaon,16.6,12.0,23.6,17.7,7.3,36.7,51.6,34.8,20.8,SYNTHETIC_GENERATOR,HIGH,0.92
2023-01-27,rishop,17.4,18.8,20.5,18.1,10.9,29.4,46.5,30.4,28.5,SYNTHETIC_GENERATOR,HIGH,0.92
2023-01-27,mirik,29.5,31.6,35.5,23.5,14.8,27.9,50.3,49.0,34.8,SYNTHETIC_GENERATOR,HIGH,0.92
2023-01-28,darjeeling,60.9,55.9,61.0,52.3,16.6,36.1,56.7,83.6,57.9,SYNTHETIC_GENERATOR,HIGH,0.92
2023-01-28,kalimpong,42.6,43.4,47.3,40.5,14.5,26.2,53.2,62.4,42.4,SYNTHETIC_GENERATOR,HIGH,0.92
2023-01-28,lava,23.9,21.0,26.6,22.6,9.0,34.0,51.1,40.1,28.0,SYNTHETIC_GENERATOR,HIGH,0.92
2023-01-28,lolegaon,23.9,21.3,34.0,18.8,17.7,39.2,46.9,39.7,30.6,SYNTHETIC_GENERATOR,HIGH,0.92
2023-01-28,rishop,19.0,20.3,26.9,21.2,6.9,34.1,55.4,30.2,29.7,SYNTHETIC_GENERATOR,HIGH,0.92
2023-01-28,mirik,34.5,31.5,40.3,31.4,13.8,39.2,50.5,52.9,38.9,SYNTHETIC_GENERATOR,HIGH,0.92
2023-01-29,darjeeling,54.3,51.3,57.1,49.3,8.2,26.7,54.8,78.3,47.9,SYNTHETIC_GENERATOR,HIGH,0.92
2023-01-29,kalimpong,37.4,33.2,42.0,37.9,8.7,38.7,51.9,52.4,40.3,SYNTHETIC_GENERATOR,HIGH,0.92
2023-01-29,lava,24.1,22.3,33.4,20.7,6.1,35.2,56.1,37.3,28.9,SYNTHETIC_GENERATOR,HIGH,0.92
2023-01-29,lolegaon,19.8,21.7,29.0,19.5,17.1,34.6,55.5,35.6,29.2,SYNTHETIC_GENERATOR,HIGH,0.92
2023-01-29,rishop,15.6,12.3,19.5,16.6,5.3,33.3,50.4,34.0,19.9,SYNTHETIC_GENERATOR,HIGH,0.92
2023-01-29,mirik,29.5,26.2,39.1,28.1,11.8,36.5,55.9,43.3,33.0,SYNTHETIC_GENERATOR,HIGH,0.92
2023-01-30,darjeeling,43.6,42.1,39.7,40.2,4.8,13.8,55.4,49.1,40.0,SYNTHETIC_GENERATOR,HIGH,0.92
2023-01-30,kalimpong,28.1,29.7,22.3,21.0,3.2,6.6,49.9,31.3,30.0,SYNTHETIC_GENERATOR,HIGH,0.92
2023-01-30,lava,14.5,17.2,16.5,16.2,4.0,11.4,52.6,12.9,16.7,SYNTHETIC_GENERATOR,HIGH,0.92
2023-01-30,lolegaon,14.3,10.8,16.7,9.1,7.3,12.2,53.3,18.5,19.8,SYNTHETIC_GENERATOR,HIGH,0.92
2023-01-30,rishop,13.4,15.2,8.6,7.2,7.1,10.8,53.8,16.8,13.3,SYNTHETIC_GENERATOR,HIGH,0.92
2023-01-30,mirik,23.4,23.0,19.8,25.2,5.9,13.0,54.2,23.0,24.8,SYNTHETIC_GENERATOR,HIGH,0.92
2023-01-31,darjeeling,37.3,31.5,33.8,32.7,3.6,11.1,49.8,43.7,31.2,SYNTHETIC_GENERATOR,HIGH,0.92
2023-01-31,kalimpong,31.9,27.0,28.3,28.7,4.6,9.7,49.2,30.8,22.6,SYNTHETIC_GENERATOR,HIGH,0.92
2023-01-31,lava,12.8,10.4,10.8,12.4,4.0,13.7,47.9,13.3,13.2,SYNTHETIC_GENERATOR,HIGH,0.92
2023-01-31,lolegaon,16.1,15.1,14.9,14.2,4.5,5.2,57.3,17.1,16.7,SYNTHETIC_GENERATOR,HIGH,0.92
2023-01-31,rishop,16.3,13.0,13.8,9.8,6.0,13.8,53.9,16.5,13.1,SYNTHETIC_GENERATOR,HIGH,0.92
2023-01-31,mirik,22.9,24.6,22.9,22.8,4.9,9.0,52.8,21.7,21.8,SYNTHETIC_GENERATOR,HIGH,0.92
2023-02-01,darjeeling,50.0,43.6,46.0,46.6,4.2,14.9,72.2,51.0,44.6,SYNTHETIC_GENERATOR,HIGH,0.92
2023-02-01,kalimpong,37.3,33.8,37.8,35.4,3.6,10.1,70.0,33.7,33.0,SYNTHETIC_GENERATOR,HIGH,0.92
2023-02-01,lava,16.7,14.4,15.2,14.3,6.9,10.2,67.9,18.4,23.1,SYNTHETIC_GENERATOR,HIGH,0.92
2023-02-01,lolegaon,19.3,16.5,16.4,20.3,6.3,12.1,67.6,22.0,27.5,SYNTHETIC_GENERATOR,HIGH,0.92
2023-02-01,rishop,15.1,15.6,17.7,14.1,8.4,12.3,72.3,12.1,14.1,SYNTHETIC_GENERATOR,HIGH,0.92
2023-02-01,mirik,30.8,31.2,29.0,29.3,6.7,6.7,71.5,31.5,30.7,SYNTHETIC_GENERATOR,HIGH,0.92
2023-02-02,darjeeling,52.0,46.1,49.3,41.1,9.6,6.1,64.2,54.4,44.3,SYNTHETIC_GENERATOR,HIGH,0.92
2023-02-02,kalimpong,34.6,34.7,35.2,34.2,7.9,5.6,65.7,32.7,34.7,SYNTHETIC_GENERATOR,HIGH,0.92
2023-02-02,lava,18.0,18.2,16.8,14.0,3.4,14.1,68.1,17.3,21.0,SYNTHETIC_GENERATOR,HIGH,0.92
2023-02-02,lolegaon,18.6,19.0,18.0,13.3,4.0,10.6,66.7,22.7,17.7,SYNTHETIC_GENERATOR,HIGH,0.92
2023-02-02,rishop,14.6,12.0,11.1,14.9,4.5,8.5,75.2,17.9,18.5,SYNTHETIC_GENERATOR,HIGH,0.92
2023-02-02,mirik,30.0,27.2,31.4,29.6,9.6,13.0,67.5,28.2,30.6,SYNTHETIC_GENERATOR,HIGH,0.92
2023-02-03,darjeeling,60.1,55.3,62.8,50.5,11.2,28.0,70.5,87.3,55.4,SYNTHETIC_GENERATOR,HIGH,0.92
2023-02-03,kalimpong,43.0,41.1,45.5,39.5,11.9,34.6,64.6,59.4,42.3,SYNTHETIC_GENERATOR,HIGH,0.92
2023-02-03,lava,24.7,20.0,32.9,16.8,12.2,38.9,68.9,42.6,33.5,SYNTHETIC_GENERATOR,HIGH,0.92
2023-02-03,lolegaon,19.0,21.6,24.0,18.2,16.8,26.3,70.9,35.2,26.5,SYNTHETIC_GENERATOR,HIGH,0.92
2023-02-03,rishop,21.1,23.3,30.7,15.3,16.5,27.6,75.0,39.4,28.6,SYNTHETIC_GENERATOR,HIGH,0.92
2023-02-03,mirik,37.9,39.3,46.3,37.1,5.1,33.5,65.3,57.4,42.8,SYNTHETIC_GENERATOR,HIGH,0.92
2023-02-04,darjeeling,66.1,66.0,69.2,58.1,17.2,37.8,69.6,87.0,62.5,SYNTHETIC_GENERATOR,HIGH,0.92
2023-02-04,kalimpong,48.9,44.0,50.5,45.4,15.3,33.5,73.1,62.5,48.5,SYNTHETIC_GENERATOR,HIGH,0.92
2023-02-04,lava,29.7,31.1,37.9,26.3,6.1,35.0,66.2,40.0,33.4,SYNTHETIC_GENERATOR,HIGH,0.92
2023-02-04,lolegaon,22.9,19.4,31.1,24.7,8.9,35.8,64.1,39.1,31.7,SYNTHETIC_GENERATOR,HIGH,0.92
2023-02-04,rishop,24.3,19.3,27.3,19.5,10.3,32.5,74.7,39.4,29.8,SYNTHETIC_GENERATOR,HIGH,0.92
2023-02-04,mirik,43.7,39.4,49.1,35.6,6.7,27.3,73.0,59.0,44.0,SYNTHETIC_GENERATOR,HIGH,0.92
2023-02-05,darjeeling,62.5,59.1,65.3,55.4,13.6,28.3,67.0,88.1,58.3,SYNTHETIC_GENERATOR,HIGH,0.92
2023-02-05,kalimpong,45.3,44.2,46.3,40.5,5.8,33.2,70.1,62.6,44.1,SYNTHETIC_GENERATOR,HIGH,0.92
2023-02-05,lava,22.7,20.0,29.0,16.1,7.7,33.7,65.1,37.8,29.6,SYNTHETIC_GENERATOR,HIGH,0.92
2023-02-05,lolegaon,22.9,21.2,25.5,19.8,15.5,35.8,68.8,40.4,28.2,SYNTHETIC_GENERATOR,HIGH,0.92
2023-02-05,rishop,23.0,22.2,25.5,18.7,5.8,39.9,75.2,33.4,30.1,SYNTHETIC_GENERATOR,HIGH,0.92
2023-02-05,mirik,37.2,37.1,44.4,37.5,13.4,31.3,75.9,52.0,41.2,SYNTHETIC_GENERATOR,HIGH,0.92
2023-02-06,darjeeling,52.2,52.3,47.0,47.8,7.3,10.4,71.8,54.9,45.9,SYNTHETIC_GENERATOR,HIGH,0.92
2023-02-06,kalimpong,35.4,35.1,30.3,26.2,2.2,8.0,72.1,36.1,33.8,SYNTHETIC_GENERATOR,HIGH,0.92
2023-02-06,lava,19.4,20.8,15.8,15.5,4.2,14.4,72.7,16.4,22.4,SYNTHETIC_GENERATOR,HIGH,0.92
2023-02-06,lolegaon,19.5,21.4,14.1,14.2,2.8,5.3,71.2,21.2,18.6,SYNTHETIC_GENERATOR,HIGH,0.92
2023-02-06,rishop,12.8,14.0,11.0,8.6,3.7,13.6,64.7,14.3,15.9,SYNTHETIC_GENERATOR,HIGH,0.92
2023-02-06,mirik,30.4,27.1,28.8,28.5,4.6,8.0,65.7,31.5,32.3,SYNTHETIC_GENERATOR,HIGH,0.92
2023-02-07,darjeeling,47.6,43.1,40.3,46.4,9.0,14.1,71.5,51.1,35.5,SYNTHETIC_GENERATOR,HIGH,0.92
2023-02-07,kalimpong,38.3,37.4,37.5,31.9,5.3,6.5,68.5,40.2,34.4,SYNTHETIC_GENERATOR,HIGH,0.92
2023-02-07,lava,19.0,20.7,15.9,18.8,8.4,14.1,70.7,23.0,21.9,SYNTHETIC_GENERATOR,HIGH,0.92
2023-02-07,lolegaon,15.8,12.5,15.7,18.1,8.8,5.9,72.7,14.4,18.9,SYNTHETIC_GENERATOR,HIGH,0.92
2023-02-07,rishop,14.4,14.9,14.1,16.4,3.5,12.6,72.7,15.9,15.0,SYNTHETIC_GENERATOR,HIGH,0.92
2023-02-07,mirik,27.6,29.6,21.5,28.7,9.7,6.2,76.0,27.8,28.6,SYNTHETIC_GENERATOR,HIGH,0.92
2023-02-08,darjeeling,47.8,45.8,41.6,46.2,6.4,12.8,68.6,52.2,40.4,SYNTHETIC_GENERATOR,HIGH,0.92
2023-02-08,kalimpong,35.3,33.2,29.3,35.9,5.8,13.4,75.0,34.6,34.2,SYNTHETIC_GENERATOR,HIGH,0.92
2023-02-08,lava,18.6,18.0,14.9,12.8,4.1,14.3,70.9,18.3,21.8,SYNTHETIC_GENERATOR,HIGH,0.92
2023-02-08,lolegaon,16.8,18.5,15.5,16.3,7.5,7.6,73.9,21.3,23.0,SYNTHETIC_GENERATOR,HIGH,0.92
2023-02-08,rishop,17.0,15.9,13.0,17.9,3.4,12.2,69.9,20.6,17.3,SYNTHETIC_GENERATOR,HIGH,0.92
2023-02-08,mirik,25.7,20.4,26.4,27.1,7.3,12.6,68.9,29.2,26.0,SYNTHETIC_GENERATOR,HIGH,0.92
2023-02-09,darjeeling,47.7,46.5,40.0,42.0,5.0,11.2,72.0,52.8,38.5,SYNTHETIC_GENERATOR,HIGH,0.92
2023-02-09,kalimpong,31.7,30.2,25.3,28.2,4.2,14.8,64.2,35.1,29.8,SYNTHETIC_GENERATOR,HIGH,0.92
2023-02-09,lava,20.4,21.6,22.0,14.0,2.8,6.5,66.3,20.5,22.3,SYNTHETIC_GENERATOR,HIGH,0.92
2023-02-09,lolegaon,16.9,14.9,14.8,15.5,9.9,7.3,72.2,20.5,19.0,SYNTHETIC_GENERATOR,HIGH,0.92
2023-02-09,rishop,17.1,18.9,17.8,11.0,5.0,10.5,64.7,13.4,20.4,SYNTHETIC_GENERATOR,HIGH,0.92
2023-02-09,mirik,28.3,28.9,26.6,28.5,2.8,10.3,64.5,26.2,29.4,SYNTHETIC_GENERATOR,HIGH,0.92
2023-02-10,darjeeling,61.2,60.6,64.1,49.3,6.0,38.9,74.8,85.3,62.5,SYNTHETIC_GENERATOR,HIGH,0.92
2023-02-10,kalimpong,40.9,42.1,46.3,38.5,14.3,31.0,64.9,55.7,43.7,SYNTHETIC_GENERATOR,HIGH,0.92
2023-02-10,lava,21.4,22.8,26.8,22.8,9.3,36.3,65.7,40.6,29.7,SYNTHETIC_GENERATOR,HIGH,0.92
2023-02-10,lolegaon,24.4,19.4,29.9,24.9,9.4,36.5,75.5,38.1,28.8,SYNTHETIC_GENERATOR,HIGH,0.92
2023-02-10,rishop,21.4,16.4,25.9,23.8,11.4,30.3,75.3,35.1,27.5,SYNTHETIC_GENERATOR,HIGH,0.92
2023-02-10,mirik,31.9,30.9,39.7,30.2,6.1,27.3,72.5,49.8,33.5,SYNTHETIC_GENERATOR,HIGH,0.92
2023-02-11,darjeeling,69.3,63.7,68.6,56.0,9.0,30.4,67.2,89.5,60.8,SYNTHETIC_GENERATOR,HIGH,0.92
2023-02-11,kalimpong,49.6,45.9,49.8,42.2,6.2,34.0,67.9,64.7,48.7,SYNTHETIC_GENERATOR,HIGH,0.92
2023-02-11,lava,25.7,23.3,28.3,26.6,16.8,39.7,70.9,37.2,31.7,SYNTHETIC_GENERATOR,HIGH,0.92
2023-02-11,lolegaon,23.2,21.8,25.9,19.8,10.5,32.3,64.9,36.1,29.6,SYNTHETIC_GENERATOR,HIGH,0.92
2023-02-11,rishop,21.2,20.9,28.3,15.6,6.4,29.6,75.4,34.2,25.5,SYNTHETIC_GENERATOR,HIGH,0.92
2023-02-11,mirik,39.6,35.9,47.0,38.4,17.7,27.0,67.8,58.5,39.5,SYNTHETIC_GENERATOR,HIGH,0.92
2023-02-12,darjeeling,61.0,55.9,67.8,58.4,8.8,35.4,69.9,85.3,57.9,SYNTHETIC_GENERATOR,HIGH,0.92
2023-02-12,kalimpong,47.9,44.2,49.0,42.8,12.7,33.2,72.2,64.6,49.1,SYNTHETIC_GENERATOR,HIGH,0.92
2023-02-12,lava,28.4,26.4,35.8,24.4,8.8,35.4,73.8,44.2,32.3,SYNTHETIC_GENERATOR,HIGH,0.92
2023-02-12,lolegaon,23.8,20.3,31.2,23.1,15.3,26.1,75.9,38.3,32.5,SYNTHETIC_GENERATOR,HIGH,0.92
2023-02-12,rishop,20.6,19.4,30.3,20.0,12.1,36.9,68.3,38.3,27.0,SYNTHETIC_GENERATOR,HIGH,0.92
2023-02-12,mirik,34.9,35.0,41.4,29.3,13.4,25.7,75.8,52.5,38.3,SYNTHETIC_GENERATOR,HIGH,0.92
2023-02-13,darjeeling,48.9,48.0,48.7,42.3,2.1,7.6,70.1,53.1,39.5,SYNTHETIC_GENERATOR,HIGH,0.92
2023-02-13,kalimpong,34.8,31.8,34.2,31.5,6.0,8.4,64.3,32.1,29.6,SYNTHETIC_GENERATOR,HIGH,0.92
2023-02-13,lava,18.6,21.2,14.0,20.8,3.1,8.1,69.5,16.6,18.2,SYNTHETIC_GENERATOR,HIGH,0.92
2023-02-13,lolegaon,17.2,17.7,14.4,13.1,8.5,6.2,74.2,19.1,20.7,SYNTHETIC_GENERATOR,HIGH,0.92
2023-02-13,rishop,17.2,13.5,19.7,12.6,3.4,6.6,70.7,21.0,20.3,SYNTHETIC_GENERATOR,HIGH,0.92
2023-02-13,mirik,26.6,26.1,23.9,18.7,6.9,7.0,71.1,26.3,28.0,SYNTHETIC_GENERATOR,HIGH,0.92
2023-02-14,darjeeling,51.0,45.6,48.9,48.0,2.5,6.0,74.5,52.4,41.7,SYNTHETIC_GENERATOR,HIGH,0.92
2023-02-14,kalimpong,33.5,34.4,31.0,30.9,6.8,11.1,71.0,32.9,33.9,SYNTHETIC_GENERATOR,HIGH,0.92
2023-02-14,lava,21.6,21.2,22.4,21.1,4.4,11.1,65.0,18.2,24.1,SYNTHETIC_GENERATOR,HIGH,0.92
2023-02-14,lolegaon,15.4,16.0,14.3,12.7,3.1,8.8,66.2,17.7,19.9,SYNTHETIC_GENERATOR,HIGH,0.92
2023-02-14,rishop,17.4,17.5,20.0,15.9,5.9,6.4,67.8,17.1,22.4,SYNTHETIC_GENERATOR,HIGH,0.92
2023-02-14,mirik,25.4,21.0,25.9,27.0,6.0,9.9,72.2,25.5,26.9,SYNTHETIC_GENERATOR,HIGH,0.92
2023-02-15,darjeeling,52.0,48.8,44.5,41.1,8.1,7.9,67.3,56.2,43.9,SYNTHETIC_GENERATOR,HIGH,0.92
2023-02-15,kalimpong,36.9,36.8,34.3,28.6,2.9,12.8,73.9,35.9,35.5,SYNTHETIC_GENERATOR,HIGH,0.92
2023-02-15,lava,21.5,16.5,21.5,19.4,9.9,6.0,74.0,23.1,20.8,SYNTHETIC_GENERATOR,HIGH,0.92
2023-02-15,lolegaon,17.2,15.0,18.4,14.5,10.0,12.8,66.8,20.4,29.1,SYNTHETIC_GENERATOR,HIGH,0.92
2023-02-15,rishop,16.6,14.4,17.0,15.9,3.3,6.4,66.5,14.6,20.5,SYNTHETIC_GENERATOR,HIGH,0.92
2023-02-15,mirik,27.3,26.0,23.7,26.1,4.3,7.7,74.3,31.6,28.3,SYNTHETIC_GENERATOR,HIGH,0.92
2023-02-16,darjeeling,50.9,44.6,50.5,47.6,9.4,14.9,74.4,51.9,45.4,SYNTHETIC_GENERATOR,HIGH,0.92
2023-02-16,kalimpong,36.7,37.1,35.9,34.1,5.9,10.8,67.2,36.1,32.4,SYNTHETIC_GENERATOR,HIGH,0.92
2023-02-16,lava,18.9,18.8,20.4,12.6,6.1,7.8,75.2,18.1,23.5,SYNTHETIC_GENERATOR,HIGH,0.92
2023-02-16,lolegaon,14.1,15.4,14.8,14.7,5.7,11.6,68.3,12.1,17.9,SYNTHETIC_GENERATOR,HIGH,0.92
2023-02-16,rishop,16.2,13.0,14.3,11.4,4.1,13.3,68.1,17.3,16.5,SYNTHETIC_GENERATOR,HIGH,0.92
2023-02-16,mirik,27.7,27.5,21.9,20.4,8.3,9.6,65.5,30.9,25.6,SYNTHETIC_GENERATOR,HIGH,0.92
2023-02-17,darjeeling,58.2,50.7,65.2,48.2,14.0,27.0,71.8,79.3,55.7,SYNTHETIC_GENERATOR,HIGH,0.92
2023-02-17,kalimpong,43.3,38.7,46.8,42.1,7.2,30.9,67.7,62.0,42.7,SYNTHETIC_GENERATOR,HIGH,0.92
2023-02-17,lava,21.3,21.3,29.2,13.8,11.2,27.0,66.7,38.1,31.7,SYNTHETIC_GENERATOR,HIGH,0.92
2023-02-17,lolegaon,23.3,25.8,28.8,16.8,5.9,30.7,72.8,34.9,29.7,SYNTHETIC_GENERATOR,HIGH,0.92
2023-02-17,rishop,18.2,20.2,21.8,18.8,14.8,27.0,75.9,30.5,27.0,SYNTHETIC_GENERATOR,HIGH,0.92
2023-02-17,mirik,35.9,33.3,42.8,32.9,7.0,31.2,72.2,54.8,39.3,SYNTHETIC_GENERATOR,HIGH,0.92
2023-02-18,darjeeling,64.7,57.6,69.5,57.8,10.0,39.4,67.8,85.3,58.9,SYNTHETIC_GENERATOR,HIGH,0.92
2023-02-18,kalimpong,49.6,47.4,54.5,46.4,14.0,37.7,71.9,64.1,50.2,SYNTHETIC_GENERATOR,HIGH,0.92
2023-02-18,lava,27.3,25.7,35.1,22.0,5.7,38.5,75.5,41.0,35.5,SYNTHETIC_GENERATOR,HIGH,0.92
2023-02-18,lolegaon,25.3,24.0,35.1,27.1,17.1,27.0,74.3,40.1,34.9,SYNTHETIC_GENERATOR,HIGH,0.92
2023-02-18,rishop,22.1,22.2,30.4,24.0,15.0,25.3,64.8,34.3,30.0,SYNTHETIC_GENERATOR,HIGH,0.92
2023-02-18,mirik,42.8,40.3,48.4,37.7,10.4,35.5,65.0,57.7,43.4,SYNTHETIC_GENERATOR,HIGH,0.92
2023-02-19,darjeeling,63.9,58.3,65.3,56.3,7.6,37.1,70.4,86.5,55.5,SYNTHETIC_GENERATOR,HIGH,0.92
2023-02-19,kalimpong,47.0,40.7,52.8,43.7,16.0,25.9,65.0,63.0,42.5,SYNTHETIC_GENERATOR,HIGH,0.92
2023-02-19,lava,24.9,24.3,29.4,24.3,14.6,26.8,72.5,40.9,34.5,SYNTHETIC_GENERATOR,HIGH,0.92
2023-02-19,lolegaon,23.0,23.9,30.9,16.9,6.7,36.7,67.2,41.0,35.2,SYNTHETIC_GENERATOR,HIGH,0.92
2023-02-19,rishop,23.2,18.0,31.8,18.1,5.8,35.7,70.9,33.6,27.0,SYNTHETIC_GENERATOR,HIGH,0.92
2023-02-19,mirik,37.8,36.1,41.7,30.8,6.3,33.6,72.7,51.3,40.0,SYNTHETIC_GENERATOR,HIGH,0.92
2023-02-20,darjeeling,49.7,43.1,48.6,41.2,5.8,8.8,65.8,57.2,43.7,SYNTHETIC_GENERATOR,HIGH,0.92
2023-02-20,kalimpong,38.1,37.7,34.4,31.7,5.3,12.2,67.3,34.6,31.2,SYNTHETIC_GENERATOR,HIGH,0.92
2023-02-20,lava,18.3,17.2,20.1,12.9,8.4,14.8,75.4,15.3,20.0,SYNTHETIC_GENERATOR,HIGH,0.92
2023-02-20,lolegaon,20.0,17.4,18.8,12.7,3.6,10.6,67.6,20.9,21.4,SYNTHETIC_GENERATOR,HIGH,0.92
2023-02-20,rishop,15.7,15.5,14.4,16.5,3.6,14.0,73.1,14.3,22.0,SYNTHETIC_GENERATOR,HIGH,0.92
2023-02-20,mirik,26.9,24.1,27.5,27.4,9.6,5.0,71.9,30.2,27.8,SYNTHETIC_GENERATOR,HIGH,0.92
2023-02-21,darjeeling,51.2,45.0,47.3,42.4,69.9,5.6,76.0,56.8,53.6,SYNTHETIC_GENERATOR,HIGH,0.92
2023-02-21,kalimpong,38.0,35.9,36.6,32.2,73.8,5.8,65.1,35.0,42.3,SYNTHETIC_GENERATOR,HIGH,0.92
2023-02-21,lava,21.4,16.7,20.2,18.2,3.9,7.6,67.8,23.4,20.9,SYNTHETIC_GENERATOR,HIGH,0.92
2023-02-21,lolegaon,16.3,13.5,11.6,11.4,6.7,6.6,66.0,17.0,14.4,SYNTHETIC_GENERATOR,HIGH,0.92
2023-02-21,rishop,15.3,14.7,17.8,10.5,4.1,6.2,65.9,17.5,20.0,SYNTHETIC_GENERATOR,HIGH,0.92
2023-02-21,mirik,25.6,26.8,22.2,18.4,68.8,10.1,72.1,24.4,28.8,SYNTHETIC_GENERATOR,HIGH,0.92
2023-02-22,darjeeling,53.0,46.1,48.0,46.2,8.0,7.5,69.5,59.3,44.3,SYNTHETIC_GENERATOR,HIGH,0.92
2023-02-22,kalimpong,37.5,39.1,31.5,36.2,5.0,11.3,71.7,38.2,34.6,SYNTHETIC_GENERATOR,HIGH,0.92
2023-02-22,lava,17.5,19.0,12.3,11.0,9.2,9.4,65.5,21.4,21.0,SYNTHETIC_GENERATOR,HIGH,0.92
2023-02-22,lolegaon,14.4,13.2,10.6,13.4,8.6,8.9,64.4,17.3,16.1,SYNTHETIC_GENERATOR,HIGH,0.92
2023-02-22,rishop,13.7,10.6,10.1,9.9,9.1,5.3,71.4,12.8,16.0,SYNTHETIC_GENERATOR,HIGH,0.92
2023-02-22,mirik,29.2,23.9,25.1,22.1,3.6,13.8,70.3,30.3,29.4,SYNTHETIC_GENERATOR,HIGH,0.92
2023-02-23,darjeeling,51.7,51.0,51.5,48.3,4.9,10.4,69.8,58.9,43.1,SYNTHETIC_GENERATOR,HIGH,0.92
2023-02-23,kalimpong,33.0,29.6,28.1,33.0,8.2,5.6,75.9,34.0,30.9,SYNTHETIC_GENERATOR,HIGH,0.92
2023-02-23,lava,21.1,23.8,23.2,14.6,7.3,7.7,73.8,24.1,31.1,SYNTHETIC_GENERATOR,HIGH,0.92
2023-02-23,lolegaon,15.6,17.4,16.7,12.3,8.7,13.5,66.1,17.5,22.7,SYNTHETIC_GENERATOR,HIGH,0.92
2023-02-23,rishop,18.1,18.6,20.0,11.2,7.6,14.5,70.8,18.5,24.2,SYNTHETIC_GENERATOR,HIGH,0.92
2023-02-23,mirik,31.5,29.5,27.5,27.6,2.7,7.3,66.6,31.3,34.4,SYNTHETIC_GENERATOR,HIGH,0.92
2023-02-24,darjeeling,55.1,55.1,56.3,44.8,14.3,38.8,74.1,77.7,56.7,SYNTHETIC_GENERATOR,HIGH,0.92
2023-02-24,kalimpong,45.1,44.6,52.3,43.3,17.5,30.6,75.3,61.0,47.5,SYNTHETIC_GENERATOR,HIGH,0.92
2023-02-24,lava,20.4,17.6,23.9,14.5,17.3,36.9,75.5,37.2,31.9,SYNTHETIC_GENERATOR,HIGH,0.92
2023-02-24,lolegaon,22.5,24.6,31.0,17.0,12.7,27.6,67.7,39.0,35.2,SYNTHETIC_GENERATOR,HIGH,0.92
2023-02-24,rishop,16.9,17.7,27.1,19.4,10.1,39.9,75.6,28.7,24.1,SYNTHETIC_GENERATOR,HIGH,0.92
2023-02-24,mirik,38.1,33.6,43.6,37.9,6.8,36.2,66.9,57.5,37.7,SYNTHETIC_GENERATOR,HIGH,0.92
2023-02-25,darjeeling,65.3,64.5,64.8,59.6,13.3,38.3,69.4,86.8,60.3,SYNTHETIC_GENERATOR,HIGH,0.92
2023-02-25,kalimpong,47.5,41.5,47.7,40.7,14.5,39.5,74.6,63.8,47.8,SYNTHETIC_GENERATOR,HIGH,0.92
2023-02-25,lava,26.4,25.2,29.1,23.0,16.2,34.8,72.2,37.7,36.2,SYNTHETIC_GENERATOR,HIGH,0.92
2023-02-25,lolegaon,23.2,20.4,33.0,16.2,7.2,30.6,72.8,38.4,31.8,SYNTHETIC_GENERATOR,HIGH,0.92
2023-02-25,rishop,25.8,21.0,32.5,23.8,11.3,25.5,75.3,36.1,31.9,SYNTHETIC_GENERATOR,HIGH,0.92
2023-02-25,mirik,38.0,33.4,40.5,35.4,14.4,35.9,67.2,51.8,39.0,SYNTHETIC_GENERATOR,HIGH,0.92
2023-02-26,darjeeling,61.3,54.0,65.0,57.3,7.0,30.4,69.1,83.3,54.4,SYNTHETIC_GENERATOR,HIGH,0.92
2023-02-26,kalimpong,43.6,37.2,45.5,36.3,6.1,37.7,67.7,59.8,40.2,SYNTHETIC_GENERATOR,HIGH,0.92
2023-02-26,lava,25.1,24.9,27.8,22.5,7.4,38.3,68.4,39.0,31.0,SYNTHETIC_GENERATOR,HIGH,0.92
2023-02-26,lolegaon,20.9,17.8,23.7,20.9,13.7,26.3,68.1,36.7,30.2,SYNTHETIC_GENERATOR,HIGH,0.92
2023-02-26,rishop,24.5,23.7,31.0,25.0,15.6,31.3,70.4,40.8,27.7,SYNTHETIC_GENERATOR,HIGH,0.92
2023-02-26,mirik,37.6,32.0,45.8,35.2,11.5,38.5,73.6,54.7,42.1,SYNTHETIC_GENERATOR,HIGH,0.92
2023-02-27,darjeeling,50.4,44.3,48.4,41.1,9.9,14.7,73.7,51.4,37.3,SYNTHETIC_GENERATOR,HIGH,0.92
2023-02-27,kalimpong,34.7,36.6,32.9,33.9,4.1,14.1,75.0,31.7,36.1,SYNTHETIC_GENERATOR,HIGH,0.92
2023-02-27,lava,18.4,16.5,15.5,14.0,5.7,13.7,73.4,19.8,18.9,SYNTHETIC_GENERATOR,HIGH,0.92
2023-02-27,lolegaon,17.0,13.2,16.3,17.5,9.5,14.2,70.8,14.6,20.0,SYNTHETIC_GENERATOR,HIGH,0.92
2023-02-27,rishop,14.5,13.9,12.1,11.9,5.1,9.9,71.3,11.8,17.5,SYNTHETIC_GENERATOR,HIGH,0.92
2023-02-27,mirik,29.6,29.4,23.5,29.9,4.7,7.4,72.9,32.9,30.0,SYNTHETIC_GENERATOR,HIGH,0.92
2023-02-28,darjeeling,52.4,45.4,50.7,44.1,4.2,9.9,72.4,53.1,44.1,SYNTHETIC_GENERATOR,HIGH,0.92
2023-02-28,kalimpong,38.5,35.7,38.0,31.6,5.3,11.5,66.3,36.0,32.8,SYNTHETIC_GENERATOR,HIGH,0.92
2023-02-28,lava,21.5,22.1,21.9,22.6,8.6,10.2,65.9,19.5,22.3,SYNTHETIC_GENERATOR,HIGH,0.92
2023-02-28,lolegaon,20.1,21.9,14.7,14.6,8.7,13.4,67.0,19.7,21.8,SYNTHETIC_GENERATOR,HIGH,0.92
2023-02-28,rishop,18.9,19.4,15.6,19.9,6.0,11.4,65.5,14.8,18.5,SYNTHETIC_GENERATOR,HIGH,0.92
2023-02-28,mirik,26.5,27.9,25.1,21.8,3.3,13.9,73.0,28.6,29.5,SYNTHETIC_GENERATOR,HIGH,0.92
2023-03-01,darjeeling,63.6,58.9,55.8,56.7,9.7,13.6,71.8,68.3,51.9,SYNTHETIC_GENERATOR,HIGH,0.92
2023-03-01,kalimpong,42.8,42.5,41.5,32.8,9.3,11.5,71.2,38.0,39.4,SYNTHETIC_GENERATOR,HIGH,0.92
2023-03-01,lava,23.5,24.5,20.1,25.4,7.1,9.2,68.5,21.3,24.4,SYNTHETIC_GENERATOR,HIGH,0.92
2023-03-01,lolegaon,24.3,25.4,21.5,17.4,6.1,11.6,74.1,22.1,27.4,SYNTHETIC_GENERATOR,HIGH,0.92
2023-03-01,rishop,22.0,21.6,18.6,15.4,2.5,14.9,71.7,23.7,23.1,SYNTHETIC_GENERATOR,HIGH,0.92
2023-03-01,mirik,40.5,36.5,34.5,38.3,9.2,13.1,73.6,39.2,39.5,SYNTHETIC_GENERATOR,HIGH,0.92
2023-03-02,darjeeling,66.2,63.7,62.7,59.8,10.0,7.6,69.0,68.4,57.2,SYNTHETIC_GENERATOR,HIGH,0.92
2023-03-02,kalimpong,46.7,41.4,44.8,38.3,6.3,12.8,74.9,46.6,40.9,SYNTHETIC_GENERATOR,HIGH,0.92
2023-03-02,lava,25.3,26.5,26.0,26.0,3.4,6.0,65.5,21.9,26.4,SYNTHETIC_GENERATOR,HIGH,0.92
2023-03-02,lolegaon,20.9,21.1,17.9,14.3,4.8,12.4,67.7,22.9,18.9,SYNTHETIC_GENERATOR,HIGH,0.92
2023-03-02,rishop,19.8,16.7,16.6,20.9,5.8,13.7,71.0,22.8,26.7,SYNTHETIC_GENERATOR,HIGH,0.92
2023-03-02,mirik,37.8,38.5,33.8,31.2,2.4,13.5,65.6,33.8,34.9,SYNTHETIC_GENERATOR,HIGH,0.92
2023-03-03,darjeeling,73.5,69.6,78.9,64.3,9.1,35.7,73.3,96.4,65.1,SYNTHETIC_GENERATOR,HIGH,0.92
2023-03-03,kalimpong,54.1,46.9,56.0,50.2,7.2,36.5,69.9,71.6,49.7,SYNTHETIC_GENERATOR,HIGH,0.92
2023-03-03,lava,26.3,25.6,33.3,22.2,17.5,30.7,64.5,37.9,31.7,SYNTHETIC_GENERATOR,HIGH,0.92
2023-03-03,lolegaon,25.4,26.5,28.9,24.1,13.1,28.7,72.3,38.4,32.0,SYNTHETIC_GENERATOR,HIGH,0.92
2023-03-03,rishop,21.9,19.7,28.9,15.9,15.7,29.5,67.5,37.9,27.5,SYNTHETIC_GENERATOR,HIGH,0.92
2023-03-03,mirik,46.5,47.7,49.5,44.9,9.7,27.8,75.4,63.8,45.8,SYNTHETIC_GENERATOR,HIGH,0.92
2023-03-04,darjeeling,82.4,75.3,85.6,68.8,14.5,33.8,66.0,100.0,69.4,SYNTHETIC_GENERATOR,HIGH,0.92
2023-03-04,kalimpong,62.8,57.1,66.1,50.7,17.9,34.9,71.8,72.9,55.9,SYNTHETIC_GENERATOR,HIGH,0.92
2023-03-04,lava,34.5,31.8,38.8,30.8,11.2,27.3,72.3,47.4,36.0,SYNTHETIC_GENERATOR,HIGH,0.92
2023-03-04,lolegaon,31.2,27.5,37.5,23.8,15.8,26.6,72.6,40.9,37.5,SYNTHETIC_GENERATOR,HIGH,0.92
2023-03-04,rishop,25.3,20.6,28.9,19.3,8.4,32.8,66.4,40.1,29.7,SYNTHETIC_GENERATOR,HIGH,0.92
2023-03-04,mirik,49.8,44.5,57.3,42.1,5.0,35.1,74.9,65.8,48.9,SYNTHETIC_GENERATOR,HIGH,0.92
2023-03-05,darjeeling,79.8,72.2,78.1,70.3,14.4,26.5,67.1,100.0,69.2,SYNTHETIC_GENERATOR,HIGH,0.92
2023-03-05,kalimpong,56.4,49.8,57.3,45.0,8.8,37.0,67.8,73.3,51.2,SYNTHETIC_GENERATOR,HIGH,0.92
2023-03-05,lava,28.4,28.8,30.5,28.5,13.6,27.6,68.3,41.4,29.9,SYNTHETIC_GENERATOR,HIGH,0.92
2023-03-05,lolegaon,25.5,26.5,28.9,21.4,17.5,29.1,68.6,42.5,29.0,SYNTHETIC_GENERATOR,HIGH,0.92
2023-03-05,rishop,28.3,27.8,36.4,21.0,14.1,25.9,75.3,37.9,30.6,SYNTHETIC_GENERATOR,HIGH,0.92
2023-03-05,mirik,48.9,47.4,50.4,41.8,9.7,25.4,72.2,65.1,48.2,SYNTHETIC_GENERATOR,HIGH,0.92
2023-03-06,darjeeling,68.4,61.3,66.3,56.3,5.3,5.5,67.1,69.9,52.4,SYNTHETIC_GENERATOR,HIGH,0.92
2023-03-06,kalimpong,48.1,45.8,44.8,47.1,7.4,8.4,70.3,48.0,38.1,SYNTHETIC_GENERATOR,HIGH,0.92
2023-03-06,lava,22.4,22.3,18.6,18.2,7.4,8.8,74.1,22.2,24.4,SYNTHETIC_GENERATOR,HIGH,0.92
2023-03-06,lolegaon,24.1,19.9,25.0,24.7,9.0,5.7,69.9,20.9,24.4,SYNTHETIC_GENERATOR,HIGH,0.92
2023-03-06,rishop,24.3,19.2,20.1,22.8,5.2,7.3,69.5,24.9,19.6,SYNTHETIC_GENERATOR,HIGH,0.92
2023-03-06,mirik,37.4,32.1,34.4,34.4,2.8,9.1,70.7,31.9,33.5,SYNTHETIC_GENERATOR,HIGH,0.92
2023-03-07,darjeeling,62.2,59.3,58.2,52.8,6.1,7.1,72.1,69.1,50.6,SYNTHETIC_GENERATOR,HIGH,0.92
2023-03-07,kalimpong,44.3,41.3,41.2,40.2,5.8,11.6,72.6,40.1,38.6,SYNTHETIC_GENERATOR,HIGH,0.92
2023-03-07,lava,27.0,23.2,23.6,27.1,9.7,7.9,70.3,26.7,27.8,SYNTHETIC_GENERATOR,HIGH,0.92
2023-03-07,lolegaon,20.6,21.1,20.7,14.2,6.9,6.9,75.2,19.5,23.0,SYNTHETIC_GENERATOR,HIGH,0.92
2023-03-07,rishop,20.7,21.7,20.8,14.3,5.3,14.3,74.0,20.6,23.7,SYNTHETIC_GENERATOR,HIGH,0.92
2023-03-07,mirik,38.9,40.2,32.9,34.2,6.2,5.5,75.2,39.8,32.5,SYNTHETIC_GENERATOR,HIGH,0.92
2023-03-08,darjeeling,94.3,88.7,90.1,91.8,6.6,76.2,65.5,95.0,75.5,SYNTHETIC_GENERATOR,HIGH,0.92
2023-03-08,kalimpong,62.4,57.7,61.2,71.1,8.1,73.9,75.6,62.2,56.7,SYNTHETIC_GENERATOR,HIGH,0.92
2023-03-08,lava,31.2,26.4,28.0,41.5,8.0,74.0,72.4,31.1,35.9,SYNTHETIC_GENERATOR,HIGH,0.92
2023-03-08,lolegaon,28.6,24.5,27.3,35.1,4.8,75.9,75.8,27.5,30.3,SYNTHETIC_GENERATOR,HIGH,0.92
2023-03-08,rishop,28.4,26.7,27.7,35.2,2.9,74.3,69.8,25.9,33.4,SYNTHETIC_GENERATOR,HIGH,0.92
2023-03-08,mirik,50.9,50.6,45.1,60.3,8.5,75.1,64.3,43.9,47.4,SYNTHETIC_GENERATOR,HIGH,0.92
2023-03-09,darjeeling,66.3,59.9,63.0,55.0,4.3,7.5,74.1,70.9,52.1,SYNTHETIC_GENERATOR,HIGH,0.92
2023-03-09,kalimpong,42.9,42.8,36.3,41.4,7.9,13.6,72.9,42.5,41.8,SYNTHETIC_GENERATOR,HIGH,0.92
2023-03-09,lava,23.4,24.3,23.9,18.5,7.3,14.3,68.7,26.1,27.4,SYNTHETIC_GENERATOR,HIGH,0.92
2023-03-09,lolegaon,23.5,18.2,19.6,21.9,8.2,13.7,74.0,25.8,24.6,SYNTHETIC_GENERATOR,HIGH,0.92
2023-03-09,rishop,22.4,22.2,22.6,20.2,6.8,12.8,75.6,19.4,26.0,SYNTHETIC_GENERATOR,HIGH,0.92
2023-03-09,mirik,35.6,30.9,32.9,30.1,5.4,10.6,65.6,35.1,34.3,SYNTHETIC_GENERATOR,HIGH,0.92
2023-03-10,darjeeling,72.4,66.7,76.3,60.3,7.0,29.8,64.6,98.9,60.9,SYNTHETIC_GENERATOR,HIGH,0.92
2023-03-10,kalimpong,53.1,50.5,55.7,49.6,9.1,28.3,66.2,65.1,46.8,SYNTHETIC_GENERATOR,HIGH,0.92
2023-03-10,lava,29.2,26.8,35.2,21.6,7.9,28.2,68.0,41.3,33.2,SYNTHETIC_GENERATOR,HIGH,0.92
2023-03-10,lolegaon,26.8,29.2,35.2,28.4,5.1,35.0,69.3,43.9,37.7,SYNTHETIC_GENERATOR,HIGH,0.92
2023-03-10,rishop,25.3,24.8,34.9,24.1,9.2,38.7,75.3,37.6,31.4,SYNTHETIC_GENERATOR,HIGH,0.92
2023-03-10,mirik,46.7,46.5,50.0,44.1,10.8,25.7,74.8,58.1,45.3,SYNTHETIC_GENERATOR,HIGH,0.92
2023-03-11,darjeeling,83.2,81.8,81.9,77.8,12.0,25.1,64.8,100.0,70.7,SYNTHETIC_GENERATOR,HIGH,0.92
2023-03-11,kalimpong,59.7,52.9,63.2,54.6,17.7,36.6,71.8,77.7,51.7,SYNTHETIC_GENERATOR,HIGH,0.92
2023-03-11,lava,34.9,30.0,39.8,29.0,6.1,25.8,73.5,47.1,34.8,SYNTHETIC_GENERATOR,HIGH,0.92
2023-03-11,lolegaon,28.4,25.8,35.2,24.3,5.2,35.1,70.4,43.0,32.6,SYNTHETIC_GENERATOR,HIGH,0.92
2023-03-11,rishop,28.8,29.1,35.2,27.4,5.9,38.9,65.3,43.3,33.9,SYNTHETIC_GENERATOR,HIGH,0.92
2023-03-11,mirik,51.7,48.1,54.7,47.1,11.2,33.0,65.6,63.7,49.3,SYNTHETIC_GENERATOR,HIGH,0.92
2023-03-12,darjeeling,80.7,76.2,85.9,67.5,13.8,38.7,73.5,100.0,67.0,SYNTHETIC_GENERATOR,HIGH,0.92
2023-03-12,kalimpong,57.1,54.1,57.5,45.3,12.8,33.1,75.4,70.4,56.4,SYNTHETIC_GENERATOR,HIGH,0.92
2023-03-12,lava,32.9,34.2,37.0,28.1,13.4,32.7,65.9,42.9,36.8,SYNTHETIC_GENERATOR,HIGH,0.92
2023-03-12,lolegaon,26.1,26.9,34.8,26.5,17.1,39.9,69.5,40.6,33.3,SYNTHETIC_GENERATOR,HIGH,0.92
2023-03-12,rishop,24.8,19.9,27.6,24.1,11.3,30.0,65.5,39.4,32.3,SYNTHETIC_GENERATOR,HIGH,0.92
2023-03-12,mirik,49.6,45.2,53.2,44.8,9.0,33.8,70.8,61.8,49.1,SYNTHETIC_GENERATOR,HIGH,0.92
2023-03-13,darjeeling,63.8,59.4,54.7,53.6,3.8,12.4,69.2,69.8,53.4,SYNTHETIC_GENERATOR,HIGH,0.92
2023-03-13,kalimpong,48.8,45.6,43.8,41.0,6.4,6.8,71.3,49.7,43.4,SYNTHETIC_GENERATOR,HIGH,0.92
2023-03-13,lava,27.7,23.2,25.8,22.0,9.1,5.8,64.9,21.8,24.4,SYNTHETIC_GENERATOR,HIGH,0.92
2023-03-13,lolegaon,23.7,21.5,22.5,24.9,6.4,10.4,76.0,22.4,25.3,SYNTHETIC_GENERATOR,HIGH,0.92
2023-03-13,rishop,22.9,20.5,18.9,22.9,7.9,7.9,69.6,21.5,21.3,SYNTHETIC_GENERATOR,HIGH,0.92
2023-03-13,mirik,38.9,39.3,38.2,35.4,3.3,10.1,69.4,34.5,36.0,SYNTHETIC_GENERATOR,HIGH,0.92
2023-03-14,darjeeling,68.2,65.4,66.5,62.4,5.9,8.6,66.6,71.1,57.0,SYNTHETIC_GENERATOR,HIGH,0.92
2023-03-14,kalimpong,43.0,38.1,42.8,36.5,5.8,9.5,64.6,46.0,37.9,SYNTHETIC_GENERATOR,HIGH,0.92
2023-03-14,lava,24.0,24.2,22.3,24.4,8.7,7.6,70.5,20.3,23.5,SYNTHETIC_GENERATOR,HIGH,0.92
2023-03-14,lolegaon,24.2,25.4,22.4,20.1,9.3,10.2,68.2,26.0,23.8,SYNTHETIC_GENERATOR,HIGH,0.92
2023-03-14,rishop,20.9,19.5,20.1,18.4,3.1,6.7,64.9,21.2,21.9,SYNTHETIC_GENERATOR,HIGH,0.92
2023-03-14,mirik,36.8,36.3,30.8,29.7,8.5,12.2,69.8,35.2,34.3,SYNTHETIC_GENERATOR,HIGH,0.92
2023-03-15,darjeeling,63.1,56.6,60.7,50.8,2.3,10.7,65.9,67.4,52.9,SYNTHETIC_GENERATOR,HIGH,0.92
2023-03-15,kalimpong,43.1,38.6,37.1,42.5,6.8,10.6,64.2,44.0,37.5,SYNTHETIC_GENERATOR,HIGH,0.92
2023-03-15,lava,26.3,23.0,20.9,22.6,9.9,13.7,66.0,27.2,22.7,SYNTHETIC_GENERATOR,HIGH,0.92
2023-03-15,lolegaon,25.3,21.2,24.6,19.9,7.8,8.4,69.4,24.6,22.6,SYNTHETIC_GENERATOR,HIGH,0.92
2023-03-15,rishop,19.1,17.0,14.4,13.8,8.9,10.0,69.0,15.9,22.2,SYNTHETIC_GENERATOR,HIGH,0.92
2023-03-15,mirik,38.6,32.6,37.8,34.0,2.9,9.8,65.6,37.7,34.7,SYNTHETIC_GENERATOR,HIGH,0.92
2023-03-16,darjeeling,67.4,66.5,64.2,60.8,6.2,8.7,64.5,70.7,54.8,SYNTHETIC_GENERATOR,HIGH,0.92
2023-03-16,kalimpong,48.2,44.4,45.1,44.8,8.1,12.0,65.2,43.6,44.1,SYNTHETIC_GENERATOR,HIGH,0.92
2023-03-16,lava,25.0,21.4,25.9,19.8,9.0,9.1,66.3,25.3,25.8,SYNTHETIC_GENERATOR,HIGH,0.92
2023-03-16,lolegaon,20.4,15.2,20.0,19.8,4.5,8.6,65.9,21.5,18.6,SYNTHETIC_GENERATOR,HIGH,0.92
2023-03-16,rishop,19.3,21.0,17.1,15.6,4.2,11.8,73.1,18.2,22.3,SYNTHETIC_GENERATOR,HIGH,0.92
2023-03-16,mirik,36.9,35.1,32.0,30.5,4.8,12.1,72.8,38.3,30.9,SYNTHETIC_GENERATOR,HIGH,0.92
2023-03-17,darjeeling,75.2,72.7,76.8,68.2,7.1,28.2,68.8,96.8,62.2,SYNTHETIC_GENERATOR,HIGH,0.92
2023-03-17,kalimpong,54.6,48.6,61.9,43.1,6.2,27.2,75.1,69.3,49.3,SYNTHETIC_GENERATOR,HIGH,0.92
2023-03-17,lava,26.1,22.3,28.7,18.3,10.0,39.8,71.4,40.4,30.9,SYNTHETIC_GENERATOR,HIGH,0.92
2023-03-17,lolegaon,29.7,30.5,36.4,25.5,7.6,34.9,73.6,41.1,31.9,SYNTHETIC_GENERATOR,HIGH,0.92
2023-03-17,rishop,21.2,20.7,27.6,16.0,7.2,25.5,66.9,31.5,30.8,SYNTHETIC_GENERATOR,HIGH,0.92
2023-03-17,mirik,45.8,41.9,49.3,41.2,11.7,36.1,64.8,56.6,50.7,SYNTHETIC_GENERATOR,HIGH,0.92
2023-03-18,darjeeling,81.6,79.3,86.4,70.3,17.5,29.1,71.3,100.0,73.5,SYNTHETIC_GENERATOR,HIGH,0.92
2023-03-18,kalimpong,58.5,54.2,58.7,47.2,8.8,39.2,73.6,76.8,52.9,SYNTHETIC_GENERATOR,HIGH,0.92
2023-03-18,lava,35.8,36.2,41.5,33.4,17.6,33.4,73.2,49.4,42.6,SYNTHETIC_GENERATOR,HIGH,0.92
2023-03-18,lolegaon,29.8,28.7,31.6,22.4,5.9,34.5,75.9,44.3,33.4,SYNTHETIC_GENERATOR,HIGH,0.92
2023-03-18,rishop,26.1,23.1,35.7,23.1,5.1,37.5,67.0,35.8,29.5,SYNTHETIC_GENERATOR,HIGH,0.92
2023-03-18,mirik,46.8,47.4,50.9,39.7,16.6,29.0,75.4,62.1,43.5,SYNTHETIC_GENERATOR,HIGH,0.92
2023-03-19,darjeeling,81.5,76.6,80.6,74.1,16.3,28.1,66.4,100.0,68.4,SYNTHETIC_GENERATOR,HIGH,0.92
2023-03-19,kalimpong,53.9,54.0,59.0,49.1,13.0,36.5,70.5,65.6,50.9,SYNTHETIC_GENERATOR,HIGH,0.92
2023-03-19,lava,31.1,30.2,36.6,32.2,16.7,38.0,69.9,47.7,39.1,SYNTHETIC_GENERATOR,HIGH,0.92
2023-03-19,lolegaon,26.4,25.4,28.7,26.2,11.2,33.1,70.0,39.6,31.2,SYNTHETIC_GENERATOR,HIGH,0.92
2023-03-19,rishop,27.6,23.3,37.2,26.3,11.0,35.3,64.1,37.8,30.9,SYNTHETIC_GENERATOR,HIGH,0.92
2023-03-19,mirik,47.6,42.8,52.2,39.3,11.1,34.2,68.4,61.3,44.9,SYNTHETIC_GENERATOR,HIGH,0.92
2023-03-20,darjeeling,63.1,60.9,57.0,59.1,4.2,6.8,65.6,67.0,50.9,SYNTHETIC_GENERATOR,HIGH,0.92
2023-03-20,kalimpong,44.6,39.8,40.5,38.1,3.2,14.6,65.8,45.9,38.8,SYNTHETIC_GENERATOR,HIGH,0.92
2023-03-20,lava,22.9,21.5,25.0,23.6,6.1,12.2,73.4,20.5,22.4,SYNTHETIC_GENERATOR,HIGH,0.92
2023-03-20,lolegaon,22.4,22.6,17.1,22.9,5.8,11.3,69.4,20.4,22.2,SYNTHETIC_GENERATOR,HIGH,0.92
2023-03-20,rishop,20.0,19.3,21.9,15.2,2.2,6.2,74.4,23.1,23.4,SYNTHETIC_GENERATOR,HIGH,0.92
2023-03-20,mirik,38.8,33.9,37.9,32.7,7.4,9.9,72.8,40.1,37.6,SYNTHETIC_GENERATOR,HIGH,0.92
2023-03-21,darjeeling,64.3,58.7,60.2,53.0,3.3,13.1,68.0,68.6,47.7,SYNTHETIC_GENERATOR,HIGH,0.92
2023-03-21,kalimpong,43.2,37.9,37.6,36.2,4.3,7.7,71.7,40.5,34.0,SYNTHETIC_GENERATOR,HIGH,0.92
2023-03-21,lava,24.8,26.2,21.7,22.7,9.7,9.1,66.2,19.7,24.2,SYNTHETIC_GENERATOR,HIGH,0.92
2023-03-21,lolegaon,26.2,26.2,20.7,19.7,2.8,5.6,74.5,24.9,21.8,SYNTHETIC_GENERATOR,HIGH,0.92
2023-03-21,rishop,17.7,15.8,18.4,11.4,4.1,6.6,71.9,20.8,19.7,SYNTHETIC_GENERATOR,HIGH,0.92
2023-03-21,mirik,36.3,35.1,30.4,35.3,2.2,11.6,74.3,33.6,34.2,SYNTHETIC_GENERATOR,HIGH,0.92
2023-03-22,darjeeling,64.9,64.8,60.0,54.8,5.6,14.7,72.4,65.5,50.5,SYNTHETIC_GENERATOR,HIGH,0.92
2023-03-22,kalimpong,47.2,44.9,43.6,42.9,4.5,8.5,70.5,48.1,38.4,SYNTHETIC_GENERATOR,HIGH,0.92
2023-03-22,lava,24.8,22.2,20.9,19.9,2.0,13.2,74.2,22.2,24.2,SYNTHETIC_GENERATOR,HIGH,0.92
2023-03-22,lolegaon,26.1,28.1,23.8,18.1,5.4,7.9,66.8,20.5,24.6,SYNTHETIC_GENERATOR,HIGH,0.92
2023-03-22,rishop,20.1,18.2,19.0,16.6,3.3,12.4,68.7,18.5,21.3,SYNTHETIC_GENERATOR,HIGH,0.92
2023-03-22,mirik,36.0,36.0,36.4,34.8,7.5,7.8,72.9,37.2,36.4,SYNTHETIC_GENERATOR,HIGH,0.92
2023-03-23,darjeeling,64.5,63.5,56.8,54.7,7.1,11.2,67.3,68.7,52.2,SYNTHETIC_GENERATOR,HIGH,0.92
2023-03-23,kalimpong,43.0,40.7,37.0,33.9,4.2,12.2,72.7,40.0,36.8,SYNTHETIC_GENERATOR,HIGH,0.92
2023-03-23,lava,22.8,21.4,19.7,18.2,8.4,15.0,69.6,24.3,22.3,SYNTHETIC_GENERATOR,HIGH,0.92
2023-03-23,lolegaon,26.3,21.2,26.4,18.9,5.8,6.9,74.1,27.1,29.4,SYNTHETIC_GENERATOR,HIGH,0.92
2023-03-23,rishop,23.3,18.9,23.6,18.0,8.2,9.4,72.9,18.0,19.8,SYNTHETIC_GENERATOR,HIGH,0.92
2023-03-23,mirik,37.9,39.5,34.7,35.2,4.5,8.2,71.5,32.6,34.6,SYNTHETIC_GENERATOR,HIGH,0.92
2023-03-24,darjeeling,77.2,72.7,77.1,69.3,7.6,38.3,74.4,97.7,70.0,SYNTHETIC_GENERATOR,HIGH,0.92
2023-03-24,kalimpong,52.0,46.2,54.0,42.0,15.3,25.1,64.5,69.9,50.0,SYNTHETIC_GENERATOR,HIGH,0.92
2023-03-24,lava,29.0,28.0,33.7,21.4,7.1,26.4,71.4,45.8,36.2,SYNTHETIC_GENERATOR,HIGH,0.92
2023-03-24,lolegaon,23.5,23.2,31.2,23.6,6.6,28.5,75.8,40.6,31.2,SYNTHETIC_GENERATOR,HIGH,0.92
2023-03-24,rishop,26.3,27.2,31.7,20.1,14.0,30.4,65.6,42.4,29.8,SYNTHETIC_GENERATOR,HIGH,0.92
2023-03-24,mirik,42.4,41.4,44.5,34.2,9.5,36.0,67.3,59.8,43.1,SYNTHETIC_GENERATOR,HIGH,0.92
2023-03-25,darjeeling,86.0,81.3,83.7,72.2,8.8,29.0,68.4,100.0,69.1,SYNTHETIC_GENERATOR,HIGH,0.92
2023-03-25,kalimpong,58.0,50.7,64.2,53.8,8.1,35.8,71.9,73.0,52.2,SYNTHETIC_GENERATOR,HIGH,0.92
2023-03-25,lava,32.4,30.6,37.8,29.0,13.0,29.8,71.7,41.7,34.9,SYNTHETIC_GENERATOR,HIGH,0.92
2023-03-25,lolegaon,32.4,27.5,40.8,25.5,11.3,26.5,70.9,47.5,35.5,SYNTHETIC_GENERATOR,HIGH,0.92
2023-03-25,rishop,29.1,27.6,36.4,23.2,9.8,34.1,64.9,44.6,34.5,SYNTHETIC_GENERATOR,HIGH,0.92
2023-03-25,mirik,52.5,46.0,58.7,41.8,12.3,39.1,69.0,64.2,51.9,SYNTHETIC_GENERATOR,HIGH,0.92
2023-03-26,darjeeling,80.1,77.9,79.8,65.9,5.9,29.6,75.3,100.0,71.2,SYNTHETIC_GENERATOR,HIGH,0.92
2023-03-26,kalimpong,56.9,51.0,60.6,47.6,13.1,27.7,73.0,71.1,54.1,SYNTHETIC_GENERATOR,HIGH,0.92
2023-03-26,lava,28.4,27.8,33.0,24.6,13.6,38.2,66.0,39.3,31.9,SYNTHETIC_GENERATOR,HIGH,0.92
2023-03-26,lolegaon,26.0,28.4,31.5,21.4,9.1,39.9,67.9,39.1,33.7,SYNTHETIC_GENERATOR,HIGH,0.92
2023-03-26,rishop,28.1,25.9,35.7,25.8,12.3,28.2,73.2,43.9,33.8,SYNTHETIC_GENERATOR,HIGH,0.92
2023-03-26,mirik,46.4,42.8,52.5,45.7,12.7,32.8,75.9,58.8,52.4,SYNTHETIC_GENERATOR,HIGH,0.92
2023-03-27,darjeeling,63.7,57.7,61.4,51.3,8.6,11.9,67.3,67.4,46.7,SYNTHETIC_GENERATOR,HIGH,0.92
2023-03-27,kalimpong,43.8,37.5,39.1,34.9,4.9,10.8,66.8,45.3,34.9,SYNTHETIC_GENERATOR,HIGH,0.92
2023-03-27,lava,22.3,20.2,23.9,22.0,7.8,12.9,66.1,24.2,23.4,SYNTHETIC_GENERATOR,HIGH,0.92
2023-03-27,lolegaon,26.0,25.2,22.3,25.2,6.6,5.8,64.7,26.5,22.6,SYNTHETIC_GENERATOR,HIGH,0.92
2023-03-27,rishop,19.9,21.2,17.6,21.2,9.0,7.3,71.8,20.1,26.6,SYNTHETIC_GENERATOR,HIGH,0.92
2023-03-27,mirik,37.0,33.2,30.4,33.0,3.2,10.0,66.6,31.9,31.4,SYNTHETIC_GENERATOR,HIGH,0.92
2023-03-28,darjeeling,66.7,61.8,60.9,59.6,6.0,7.2,67.5,68.9,53.4,SYNTHETIC_GENERATOR,HIGH,0.92
2023-03-28,kalimpong,46.7,40.3,42.2,36.9,6.0,12.7,65.6,42.3,38.5,SYNTHETIC_GENERATOR,HIGH,0.92
2023-03-28,lava,25.6,24.0,24.8,19.5,6.9,12.4,67.0,20.6,25.2,SYNTHETIC_GENERATOR,HIGH,0.92
2023-03-28,lolegaon,26.1,21.3,25.4,22.2,4.8,8.2,71.1,20.6,22.7,SYNTHETIC_GENERATOR,HIGH,0.92
2023-03-28,rishop,19.6,22.3,19.0,22.1,5.5,6.5,64.5,21.6,22.9,SYNTHETIC_GENERATOR,HIGH,0.92
2023-03-28,mirik,39.6,40.0,33.3,30.4,9.6,14.3,74.4,40.2,37.9,SYNTHETIC_GENERATOR,HIGH,0.92
2023-03-29,darjeeling,61.7,59.5,53.7,53.8,2.2,7.1,70.5,62.7,47.3,SYNTHETIC_GENERATOR,HIGH,0.92
2023-03-29,kalimpong,46.1,45.2,39.5,42.6,2.1,10.8,72.0,41.1,38.3,SYNTHETIC_GENERATOR,HIGH,0.92
2023-03-29,lava,22.9,19.8,23.4,21.3,2.4,11.5,64.1,21.2,22.5,SYNTHETIC_GENERATOR,HIGH,0.92
2023-03-29,lolegaon,24.2,25.7,18.4,25.0,7.2,7.3,68.6,26.8,29.3,SYNTHETIC_GENERATOR,HIGH,0.92
2023-03-29,rishop,18.2,15.6,19.7,16.3,3.5,10.0,69.5,21.5,22.8,SYNTHETIC_GENERATOR,HIGH,0.92
2023-03-29,mirik,38.0,34.4,34.1,30.0,4.8,8.5,71.5,34.2,32.8,SYNTHETIC_GENERATOR,HIGH,0.92
2023-03-30,darjeeling,68.4,64.3,65.4,61.4,9.0,13.9,73.8,67.6,54.0,SYNTHETIC_GENERATOR,HIGH,0.92
2023-03-30,kalimpong,43.8,44.3,41.6,34.4,5.1,14.6,71.3,43.8,38.0,SYNTHETIC_GENERATOR,HIGH,0.92
2023-03-30,lava,23.3,19.8,18.7,25.2,9.3,8.3,70.5,20.0,25.4,SYNTHETIC_GENERATOR,HIGH,0.92
2023-03-30,lolegaon,25.2,26.6,21.7,24.2,6.2,6.4,75.9,27.6,28.5,SYNTHETIC_GENERATOR,HIGH,0.92
2023-03-30,rishop,18.5,20.9,20.4,14.5,6.5,14.5,65.4,16.8,24.2,SYNTHETIC_GENERATOR,HIGH,0.92
2023-03-30,mirik,39.7,40.4,35.8,34.0,5.5,14.3,74.7,41.2,34.0,SYNTHETIC_GENERATOR,HIGH,0.92
2023-03-31,darjeeling,72.5,70.4,71.6,60.6,14.9,34.2,67.2,96.0,64.5,SYNTHETIC_GENERATOR,HIGH,0.92
2023-03-31,kalimpong,54.5,50.1,59.6,47.7,11.5,34.1,72.5,68.8,53.1,SYNTHETIC_GENERATOR,HIGH,0.92
2023-03-31,lava,31.7,29.7,34.3,24.8,5.4,36.5,64.2,42.5,30.7,SYNTHETIC_GENERATOR,HIGH,0.92
2023-03-31,lolegaon,30.0,30.3,32.1,30.7,17.8,38.0,69.9,41.6,37.6,SYNTHETIC_GENERATOR,HIGH,0.92
2023-03-31,rishop,24.2,20.7,29.5,16.7,14.6,30.7,67.8,38.6,29.8,SYNTHETIC_GENERATOR,HIGH,0.92
2023-03-31,mirik,44.0,44.4,50.8,38.9,10.9,37.4,64.5,62.4,42.5,SYNTHETIC_GENERATOR,HIGH,0.92
2023-04-01,darjeeling,92.5,86.1,95.0,82.0,11.7,34.5,76.6,100.0,75.0,SYNTHETIC_GENERATOR,HIGH,0.92
2023-04-01,kalimpong,69.1,64.6,71.0,61.9,5.7,32.8,77.7,84.7,62.3,SYNTHETIC_GENERATOR,HIGH,0.92
2023-04-01,lava,36.5,36.1,38.5,34.9,17.2,35.4,77.6,47.1,38.9,SYNTHETIC_GENERATOR,HIGH,0.92
2023-04-01,lolegaon,34.0,33.7,36.9,29.5,8.3,35.4,86.9,48.4,39.4,SYNTHETIC_GENERATOR,HIGH,0.92
2023-04-01,rishop,32.5,27.5,34.8,28.1,9.7,32.9,80.6,45.9,30.9,SYNTHETIC_GENERATOR,HIGH,0.92
2023-04-01,mirik,54.4,50.2,60.2,52.0,12.4,34.9,77.8,69.7,52.5,SYNTHETIC_GENERATOR,HIGH,0.92
2023-04-02,darjeeling,85.7,82.3,86.2,73.5,15.0,31.7,83.5,100.0,74.5,SYNTHETIC_GENERATOR,HIGH,0.92
2023-04-02,kalimpong,64.2,58.4,66.7,60.1,12.1,25.1,86.6,75.8,59.2,SYNTHETIC_GENERATOR,HIGH,0.92
2023-04-02,lava,35.4,33.1,39.8,26.9,12.8,28.7,82.6,48.0,34.7,SYNTHETIC_GENERATOR,HIGH,0.92
2023-04-02,lolegaon,28.5,24.0,35.4,20.4,16.1,35.0,86.1,40.3,33.5,SYNTHETIC_GENERATOR,HIGH,0.92
2023-04-02,rishop,32.2,26.7,37.0,25.1,13.7,34.2,84.3,44.2,37.1,SYNTHETIC_GENERATOR,HIGH,0.92
2023-04-02,mirik,51.9,49.4,59.2,41.6,8.9,30.5,80.5,61.3,48.1,SYNTHETIC_GENERATOR,HIGH,0.92
2023-04-03,darjeeling,73.9,69.9,66.3,61.4,7.6,7.7,82.3,76.8,57.9,SYNTHETIC_GENERATOR,HIGH,0.92
2023-04-03,kalimpong,50.1,48.9,47.1,49.0,5.9,11.9,87.2,52.0,42.3,SYNTHETIC_GENERATOR,HIGH,0.92
2023-04-03,lava,27.3,26.5,23.6,24.3,10.0,8.5,77.6,25.8,24.4,SYNTHETIC_GENERATOR,HIGH,0.92
2023-04-03,lolegaon,26.3,22.2,25.1,25.2,9.8,5.0,76.3,25.6,26.1,SYNTHETIC_GENERATOR,HIGH,0.92
2023-04-03,rishop,21.3,22.8,22.0,23.7,5.3,8.3,82.7,21.4,26.6,SYNTHETIC_GENERATOR,HIGH,0.92
2023-04-03,mirik,41.7,41.5,36.8,36.8,4.6,5.1,84.2,38.0,36.9,SYNTHETIC_GENERATOR,HIGH,0.92
2023-04-04,darjeeling,76.0,72.4,66.2,63.6,4.6,8.4,84.1,81.9,61.5,SYNTHETIC_GENERATOR,HIGH,0.92
2023-04-04,kalimpong,52.7,50.6,51.6,46.7,4.7,12.8,81.0,52.2,42.6,SYNTHETIC_GENERATOR,HIGH,0.92
2023-04-04,lava,31.1,27.6,30.4,25.5,6.3,7.1,84.2,30.5,31.8,SYNTHETIC_GENERATOR,HIGH,0.92
2023-04-04,lolegaon,29.7,26.2,23.6,31.0,7.0,13.4,82.9,26.2,28.0,SYNTHETIC_GENERATOR,HIGH,0.92
2023-04-04,rishop,24.7,26.1,24.7,23.8,4.5,5.3,81.0,22.7,26.4,SYNTHETIC_GENERATOR,HIGH,0.92
2023-04-04,mirik,46.4,41.3,41.1,37.0,8.3,12.8,87.0,42.7,42.6,SYNTHETIC_GENERATOR,HIGH,0.92
2023-04-05,darjeeling,71.1,66.7,65.4,59.5,9.4,12.3,82.3,76.1,61.0,SYNTHETIC_GENERATOR,HIGH,0.92
2023-04-05,kalimpong,55.1,55.3,52.1,44.8,7.8,9.6,84.6,52.5,50.4,SYNTHETIC_GENERATOR,HIGH,0.92
2023-04-05,lava,25.3,27.2,24.8,23.2,2.7,9.7,76.6,24.0,25.4,SYNTHETIC_GENERATOR,HIGH,0.92
2023-04-05,lolegaon,26.9,23.8,27.9,21.9,3.5,7.8,79.8,24.6,25.2,SYNTHETIC_GENERATOR,HIGH,0.92
2023-04-05,rishop,21.3,17.2,17.8,13.9,7.0,10.1,78.5,19.1,21.8,SYNTHETIC_GENERATOR,HIGH,0.92
2023-04-05,mirik,44.6,40.2,39.0,35.0,6.9,8.4,81.3,38.7,38.6,SYNTHETIC_GENERATOR,HIGH,0.92
2023-04-06,darjeeling,74.2,71.2,65.1,60.8,5.4,6.8,83.2,77.6,60.6,SYNTHETIC_GENERATOR,HIGH,0.92
2023-04-06,kalimpong,53.6,48.9,51.9,49.3,7.4,10.3,87.7,53.1,43.7,SYNTHETIC_GENERATOR,HIGH,0.92
2023-04-06,lava,28.6,23.9,28.8,29.4,5.7,9.6,84.2,28.0,27.7,SYNTHETIC_GENERATOR,HIGH,0.92
2023-04-06,lolegaon,24.5,25.9,23.5,25.7,5.1,12.0,84.0,25.6,27.9,SYNTHETIC_GENERATOR,HIGH,0.92
2023-04-06,rishop,26.7,24.7,20.8,23.2,4.8,9.6,78.0,26.3,25.4,SYNTHETIC_GENERATOR,HIGH,0.92
2023-04-06,mirik,40.4,40.5,39.5,33.8,7.2,12.9,82.4,37.5,36.6,SYNTHETIC_GENERATOR,HIGH,0.92
2023-04-07,darjeeling,82.8,78.8,84.6,77.6,10.0,30.1,85.8,100.0,72.8,SYNTHETIC_GENERATOR,HIGH,0.92
2023-04-07,kalimpong,61.8,58.4,62.7,56.0,6.0,39.0,82.9,75.8,54.9,SYNTHETIC_GENERATOR,HIGH,0.92
2023-04-07,lava,33.4,31.1,39.2,32.6,7.3,39.3,76.8,42.4,39.0,SYNTHETIC_GENERATOR,HIGH,0.92
2023-04-07,lolegaon,29.1,27.3,36.1,21.5,15.6,38.3,86.8,43.5,33.1,SYNTHETIC_GENERATOR,HIGH,0.92
2023-04-07,rishop,24.0,19.7,27.3,21.4,10.1,33.7,78.3,39.0,29.7,SYNTHETIC_GENERATOR,HIGH,0.92
2023-04-07,mirik,52.1,47.4,59.5,45.2,17.8,30.2,77.1,61.0,52.6,SYNTHETIC_GENERATOR,HIGH,0.92
2023-04-08,darjeeling,95.8,89.3,93.2,82.2,9.8,33.2,76.6,100.0,77.8,SYNTHETIC_GENERATOR,HIGH,0.92
2023-04-08,kalimpong,69.3,68.1,69.6,63.0,10.1,29.8,80.6,81.3,59.7,SYNTHETIC_GENERATOR,HIGH,0.92
2023-04-08,lava,37.1,36.2,41.9,29.5,10.0,38.9,86.1,45.5,43.8,SYNTHETIC_GENERATOR,HIGH,0.92
2023-04-08,lolegaon,30.8,25.5,32.5,29.3,11.3,31.6,87.9,40.3,35.3,SYNTHETIC_GENERATOR,HIGH,0.92
2023-04-08,rishop,32.0,29.4,37.1,31.0,12.9,31.4,78.2,43.3,34.3,SYNTHETIC_GENERATOR,HIGH,0.92
2023-04-08,mirik,54.2,48.4,58.7,48.5,16.0,28.6,82.0,65.9,50.8,SYNTHETIC_GENERATOR,HIGH,0.92
2023-04-09,darjeeling,88.2,81.8,93.0,78.3,14.2,26.7,81.8,100.0,76.8,SYNTHETIC_GENERATOR,HIGH,0.92
2023-04-09,kalimpong,66.7,66.6,71.6,58.3,6.0,38.3,77.1,79.8,63.5,SYNTHETIC_GENERATOR,HIGH,0.92
2023-04-09,lava,36.5,38.0,38.2,33.5,15.4,29.7,76.6,46.6,39.9,SYNTHETIC_GENERATOR,HIGH,0.92
2023-04-09,lolegaon,31.7,29.6,39.0,27.1,17.5,37.0,79.5,40.6,34.8,SYNTHETIC_GENERATOR,HIGH,0.92
2023-04-09,rishop,32.2,32.3,39.4,29.0,5.8,32.1,78.0,39.8,40.0,SYNTHETIC_GENERATOR,HIGH,0.92
2023-04-09,mirik,53.1,48.2,53.5,46.8,16.1,29.2,77.6,64.0,49.5,SYNTHETIC_GENERATOR,HIGH,0.92
2023-04-10,darjeeling,76.9,68.4,67.6,64.4,6.7,6.5,81.4,81.9,59.9,SYNTHETIC_GENERATOR,HIGH,0.92
2023-04-10,kalimpong,52.7,51.9,51.4,44.8,2.7,6.5,87.2,47.5,48.1,SYNTHETIC_GENERATOR,HIGH,0.92
2023-04-10,lava,28.8,31.0,28.7,22.7,5.5,11.4,78.5,28.3,27.6,SYNTHETIC_GENERATOR,HIGH,0.92
2023-04-10,lolegaon,28.2,23.4,23.3,23.8,4.4,12.5,85.0,26.2,30.3,SYNTHETIC_GENERATOR,HIGH,0.92
2023-04-10,rishop,23.2,23.5,21.1,16.9,9.0,5.1,87.1,21.3,22.7,SYNTHETIC_GENERATOR,HIGH,0.92
2023-04-10,mirik,44.5,38.2,44.3,40.5,9.6,9.3,87.0,44.4,35.3,SYNTHETIC_GENERATOR,HIGH,0.92
2023-04-11,darjeeling,73.2,66.9,64.1,66.0,5.1,12.7,85.0,77.8,58.0,SYNTHETIC_GENERATOR,HIGH,0.92
2023-04-11,kalimpong,51.7,50.1,45.0,46.0,7.4,13.3,76.1,46.2,42.5,SYNTHETIC_GENERATOR,HIGH,0.92
2023-04-11,lava,26.0,24.0,21.7,20.7,3.5,5.2,77.1,27.9,23.3,SYNTHETIC_GENERATOR,HIGH,0.92
2023-04-11,lolegaon,29.6,28.9,28.9,22.2,8.9,6.3,83.9,30.2,26.3,SYNTHETIC_GENERATOR,HIGH,0.92
2023-04-11,rishop,24.5,26.8,25.7,23.5,4.0,9.7,87.2,23.7,29.1,SYNTHETIC_GENERATOR,HIGH,0.92
2023-04-11,mirik,42.7,43.4,41.4,35.8,3.3,5.7,85.3,39.2,37.2,SYNTHETIC_GENERATOR,HIGH,0.92
2023-04-12,darjeeling,73.2,65.3,71.0,62.1,5.5,9.9,87.1,76.8,60.5,SYNTHETIC_GENERATOR,HIGH,0.92
2023-04-12,kalimpong,50.3,49.4,44.0,45.7,9.3,12.2,77.2,44.8,45.0,SYNTHETIC_GENERATOR,HIGH,0.92
2023-04-12,lava,29.3,25.5,26.5,29.7,3.2,11.4,87.2,28.1,29.2,SYNTHETIC_GENERATOR,HIGH,0.92
2023-04-12,lolegaon,29.2,28.0,27.0,30.1,5.9,9.4,86.1,29.0,33.5,SYNTHETIC_GENERATOR,HIGH,0.92
2023-04-12,rishop,26.0,24.8,19.9,27.4,8.5,9.8,82.8,27.1,25.4,SYNTHETIC_GENERATOR,HIGH,0.92
2023-04-12,mirik,42.5,41.0,42.8,33.3,6.3,14.6,77.0,39.6,40.6,SYNTHETIC_GENERATOR,HIGH,0.92
2023-04-13,darjeeling,76.3,72.9,67.6,62.5,5.1,6.9,84.4,82.0,59.3,SYNTHETIC_GENERATOR,HIGH,0.92
2023-04-13,kalimpong,49.9,48.0,47.8,40.3,3.5,12.2,83.1,47.8,41.4,SYNTHETIC_GENERATOR,HIGH,0.92
2023-04-13,lava,25.7,24.5,22.1,23.0,8.7,9.5,88.0,20.4,30.5,SYNTHETIC_GENERATOR,HIGH,0.92
2023-04-13,lolegaon,23.2,18.8,23.8,22.1,5.7,11.8,86.5,19.5,26.7,SYNTHETIC_GENERATOR,HIGH,0.92
2023-04-13,rishop,24.6,26.5,18.9,18.1,7.2,9.7,87.0,19.0,25.2,SYNTHETIC_GENERATOR,HIGH,0.92
2023-04-13,mirik,40.9,34.8,36.1,38.9,5.6,6.7,83.1,41.2,35.3,SYNTHETIC_GENERATOR,HIGH,0.92
2023-04-14,darjeeling,100.0,94.0,100.0,97.2,15.5,79.6,85.7,100.0,86.1,SYNTHETIC_GENERATOR,HIGH,0.92
2023-04-14,kalimpong,84.1,79.7,82.5,89.4,15.3,81.3,83.1,93.3,76.1,SYNTHETIC_GENERATOR,HIGH,0.92
2023-04-14,lava,38.3,33.1,42.6,47.7,12.2,79.7,87.1,45.5,50.0,SYNTHETIC_GENERATOR,HIGH,0.92
2023-04-14,lolegaon,36.7,36.7,37.9,44.2,5.1,78.4,77.1,49.2,47.1,SYNTHETIC_GENERATOR,HIGH,0.92
2023-04-14,rishop,35.7,32.9,43.3,46.1,14.0,78.5,83.7,46.1,41.5,SYNTHETIC_GENERATOR,HIGH,0.92
2023-04-14,mirik,64.7,57.1,65.0,68.9,17.4,80.6,85.4,73.9,67.1,SYNTHETIC_GENERATOR,HIGH,0.92
2023-04-15,darjeeling,98.2,90.2,95.3,86.7,6.2,30.4,85.1,100.0,79.1,SYNTHETIC_GENERATOR,HIGH,0.92
2023-04-15,kalimpong,74.5,68.2,74.1,68.5,13.9,39.5,81.7,84.0,69.2,SYNTHETIC_GENERATOR,HIGH,0.92
2023-04-15,lava,41.6,35.4,47.4,34.5,10.7,30.0,85.7,53.6,46.3,SYNTHETIC_GENERATOR,HIGH,0.92
2023-04-15,lolegaon,39.7,34.7,46.8,34.8,6.5,38.4,84.7,50.9,43.2,SYNTHETIC_GENERATOR,HIGH,0.92
2023-04-15,rishop,32.8,28.4,39.6,27.1,15.1,29.9,77.2,45.7,38.4,SYNTHETIC_GENERATOR,HIGH,0.92
2023-04-15,mirik,58.6,54.9,61.8,55.5,6.9,38.9,81.5,69.3,53.4,SYNTHETIC_GENERATOR,HIGH,0.92
2023-04-16,darjeeling,94.7,90.8,96.2,88.1,7.6,26.9,84.3,100.0,80.8,SYNTHETIC_GENERATOR,HIGH,0.92
2023-04-16,kalimpong,69.6,62.8,70.8,65.1,12.8,36.8,83.7,83.4,66.1,SYNTHETIC_GENERATOR,HIGH,0.92
2023-04-16,lava,36.1,37.7,44.1,27.6,16.1,32.3,87.9,48.3,42.2,SYNTHETIC_GENERATOR,HIGH,0.92
2023-04-16,lolegaon,36.6,36.3,39.6,30.5,12.5,38.4,83.1,45.1,38.6,SYNTHETIC_GENERATOR,HIGH,0.92
2023-04-16,rishop,32.8,26.9,42.0,24.3,11.1,36.5,76.4,44.1,32.8,SYNTHETIC_GENERATOR,HIGH,0.92
2023-04-16,mirik,59.8,55.8,60.9,53.2,5.2,36.0,87.4,68.2,55.4,SYNTHETIC_GENERATOR,HIGH,0.92
2023-04-17,darjeeling,82.3,78.5,72.4,72.2,4.4,12.0,86.3,86.5,67.8,SYNTHETIC_GENERATOR,HIGH,0.92
2023-04-17,kalimpong,61.3,60.6,55.6,56.8,5.0,9.6,83.6,60.4,51.6,SYNTHETIC_GENERATOR,HIGH,0.92
2023-04-17,lava,29.4,30.8,25.7,21.2,5.4,7.7,87.4,27.2,30.2,SYNTHETIC_GENERATOR,HIGH,0.92
2023-04-17,lolegaon,26.8,28.2,26.5,19.1,9.6,11.7,86.7,21.8,24.5,SYNTHETIC_GENERATOR,HIGH,0.92
2023-04-17,rishop,26.1,25.5,22.9,19.7,6.5,5.7,84.5,21.4,27.6,SYNTHETIC_GENERATOR,HIGH,0.92
2023-04-17,mirik,45.9,43.0,45.7,41.2,9.7,7.1,84.9,40.5,40.4,SYNTHETIC_GENERATOR,HIGH,0.92
2023-04-18,darjeeling,82.7,75.9,77.5,70.5,2.5,8.5,81.8,85.1,67.0,SYNTHETIC_GENERATOR,HIGH,0.92
2023-04-18,kalimpong,60.6,57.2,54.1,54.5,8.4,14.5,85.7,60.4,53.6,SYNTHETIC_GENERATOR,HIGH,0.92
2023-04-18,lava,29.4,30.8,26.7,21.7,9.2,7.9,87.5,23.7,28.7,SYNTHETIC_GENERATOR,HIGH,0.92
2023-04-18,lolegaon,29.7,30.9,27.5,27.4,4.3,14.7,82.5,24.1,33.1,SYNTHETIC_GENERATOR,HIGH,0.92
2023-04-18,rishop,25.9,23.9,25.0,20.7,2.5,13.7,78.8,27.2,25.5,SYNTHETIC_GENERATOR,HIGH,0.92
2023-04-18,mirik,47.5,45.8,42.3,42.7,7.6,13.4,81.3,42.4,39.4,SYNTHETIC_GENERATOR,HIGH,0.92
2023-04-19,darjeeling,81.1,78.5,72.0,69.0,5.9,14.7,85.2,79.8,62.7,SYNTHETIC_GENERATOR,HIGH,0.92
2023-04-19,kalimpong,57.1,57.1,54.2,48.1,9.8,13.4,84.3,55.3,51.1,SYNTHETIC_GENERATOR,HIGH,0.92
2023-04-19,lava,30.0,26.1,23.9,24.6,3.0,7.6,78.2,27.8,29.4,SYNTHETIC_GENERATOR,HIGH,0.92
2023-04-19,lolegaon,28.6,25.9,26.6,21.8,4.4,14.2,80.9,26.3,28.7,SYNTHETIC_GENERATOR,HIGH,0.92
2023-04-19,rishop,24.5,22.7,21.1,16.6,7.9,14.8,80.0,24.2,24.0,SYNTHETIC_GENERATOR,HIGH,0.92
2023-04-19,mirik,51.7,52.4,48.2,42.0,6.5,14.1,81.3,48.9,44.9,SYNTHETIC_GENERATOR,HIGH,0.92
2023-04-20,darjeeling,85.3,83.4,75.6,75.6,4.5,9.0,86.1,86.9,67.8,SYNTHETIC_GENERATOR,HIGH,0.92
2023-04-20,kalimpong,60.4,57.4,53.3,57.5,4.2,5.2,82.5,56.3,49.5,SYNTHETIC_GENERATOR,HIGH,0.92
2023-04-20,lava,33.6,28.3,31.0,26.5,4.5,11.1,87.3,33.2,31.1,SYNTHETIC_GENERATOR,HIGH,0.92
2023-04-20,lolegaon,32.2,29.2,28.6,26.2,4.8,14.8,86.5,25.6,31.5,SYNTHETIC_GENERATOR,HIGH,0.92
2023-04-20,rishop,28.6,26.4,30.3,28.2,4.3,13.1,87.6,24.9,30.8,SYNTHETIC_GENERATOR,HIGH,0.92
2023-04-20,mirik,49.2,42.9,42.9,43.0,8.9,14.9,76.8,49.0,41.2,SYNTHETIC_GENERATOR,HIGH,0.92
2023-04-21,darjeeling,94.5,85.5,94.2,87.3,10.4,33.3,84.5,100.0,78.6,SYNTHETIC_GENERATOR,HIGH,0.92
2023-04-21,kalimpong,65.6,62.1,64.7,61.0,15.8,29.6,82.7,78.8,60.7,SYNTHETIC_GENERATOR,HIGH,0.92
2023-04-21,lava,33.1,27.1,36.6,33.7,15.8,32.1,83.8,48.5,36.1,SYNTHETIC_GENERATOR,HIGH,0.92
2023-04-21,lolegaon,34.5,30.4,36.7,28.1,17.9,26.0,84.9,47.0,39.3,SYNTHETIC_GENERATOR,HIGH,0.92
2023-04-21,rishop,31.0,32.1,37.5,27.0,14.0,26.8,82.2,43.1,37.3,SYNTHETIC_GENERATOR,HIGH,0.92
2023-04-21,mirik,51.5,47.0,58.4,41.7,7.1,29.1,81.0,67.8,48.5,SYNTHETIC_GENERATOR,HIGH,0.92
2023-04-22,darjeeling,100.0,92.3,100.0,92.4,11.7,36.5,78.2,100.0,80.8,SYNTHETIC_GENERATOR,HIGH,0.92
2023-04-22,kalimpong,76.0,74.1,79.4,64.9,13.9,35.3,77.2,88.5,64.1,SYNTHETIC_GENERATOR,HIGH,0.92
2023-04-22,lava,42.7,36.2,47.4,36.3,11.3,30.1,86.9,49.2,43.7,SYNTHETIC_GENERATOR,HIGH,0.92
2023-04-22,lolegaon,34.5,35.6,40.6,33.7,11.8,33.0,82.6,48.4,41.3,SYNTHETIC_GENERATOR,HIGH,0.92
2023-04-22,rishop,31.3,29.1,33.4,30.7,17.0,32.2,79.7,41.6,38.2,SYNTHETIC_GENERATOR,HIGH,0.92
2023-04-22,mirik,61.3,59.7,63.1,56.0,5.4,37.2,78.7,75.2,52.4,SYNTHETIC_GENERATOR,HIGH,0.92
2023-04-23,darjeeling,94.7,86.8,92.1,79.6,6.0,35.4,85.4,100.0,77.3,SYNTHETIC_GENERATOR,HIGH,0.92
2023-04-23,kalimpong,66.7,59.6,71.7,58.8,5.8,26.8,79.0,76.6,54.6,SYNTHETIC_GENERATOR,HIGH,0.92
2023-04-23,lava,39.6,39.3,46.7,39.0,7.7,38.5,78.2,48.9,46.1,SYNTHETIC_GENERATOR,HIGH,0.92
2023-04-23,lolegaon,38.0,39.3,41.7,30.0,11.5,35.9,78.9,49.5,43.2,SYNTHETIC_GENERATOR,HIGH,0.92
2023-04-23,rishop,29.4,28.3,31.2,23.0,7.5,29.2,86.8,41.7,35.2,SYNTHETIC_GENERATOR,HIGH,0.92
2023-04-23,mirik,55.6,52.3,60.8,47.6,12.7,31.6,87.5,65.2,52.9,SYNTHETIC_GENERATOR,HIGH,0.92
2023-04-24,darjeeling,82.7,76.8,73.8,70.1,2.9,14.8,77.5,81.8,66.2,SYNTHETIC_GENERATOR,HIGH,0.92
2023-04-24,kalimpong,60.8,57.6,52.3,51.8,2.9,7.8,83.2,55.6,51.3,SYNTHETIC_GENERATOR,HIGH,0.92
2023-04-24,lava,35.7,33.1,33.3,29.3,8.8,6.9,76.8,34.2,29.3,SYNTHETIC_GENERATOR,HIGH,0.92
2023-04-24,lolegaon,27.5,29.8,25.2,20.3,5.5,11.6,77.0,22.6,27.7,SYNTHETIC_GENERATOR,HIGH,0.92
2023-04-24,rishop,26.3,25.4,21.0,27.4,9.8,5.6,87.7,22.6,21.8,SYNTHETIC_GENERATOR,HIGH,0.92
2023-04-24,mirik,46.0,45.9,44.1,38.3,7.7,10.8,79.3,45.1,37.0,SYNTHETIC_GENERATOR,HIGH,0.92
2023-04-25,darjeeling,84.7,78.8,77.7,75.6,5.2,9.8,79.3,88.9,67.8,SYNTHETIC_GENERATOR,HIGH,0.92
2023-04-25,kalimpong,59.4,56.9,51.7,48.3,2.4,5.7,84.1,59.7,49.3,SYNTHETIC_GENERATOR,HIGH,0.92
2023-04-25,lava,31.6,31.1,26.3,29.0,2.8,5.8,85.0,30.6,30.6,SYNTHETIC_GENERATOR,HIGH,0.92
2023-04-25,lolegaon,30.8,28.9,26.4,25.5,8.9,10.5,87.4,24.1,28.3,SYNTHETIC_GENERATOR,HIGH,0.92
2023-04-25,rishop,26.5,28.2,23.4,21.5,5.0,9.6,76.4,24.5,27.8,SYNTHETIC_GENERATOR,HIGH,0.92
2023-04-25,mirik,50.0,46.9,43.1,46.2,5.9,6.1,84.1,47.3,40.9,SYNTHETIC_GENERATOR,HIGH,0.92
2023-04-26,darjeeling,85.0,80.5,78.0,78.3,6.1,8.9,81.9,90.8,66.1,SYNTHETIC_GENERATOR,HIGH,0.92
2023-04-26,kalimpong,62.7,57.5,53.9,50.6,8.7,8.5,84.9,54.9,48.2,SYNTHETIC_GENERATOR,HIGH,0.92
2023-04-26,lava,35.1,31.7,29.1,29.3,4.9,8.5,83.9,29.0,29.6,SYNTHETIC_GENERATOR,HIGH,0.92
2023-04-26,lolegaon,32.6,27.2,28.4,27.1,2.2,8.3,81.5,32.1,27.6,SYNTHETIC_GENERATOR,HIGH,0.92
2023-04-26,rishop,27.5,29.1,23.4,26.2,6.7,14.9,80.5,23.9,24.8,SYNTHETIC_GENERATOR,HIGH,0.92
2023-04-26,mirik,45.8,44.5,40.8,40.3,8.1,8.4,83.4,41.5,38.1,SYNTHETIC_GENERATOR,HIGH,0.92
2023-04-27,darjeeling,83.3,78.3,79.4,76.2,8.7,10.4,79.4,81.8,68.1,SYNTHETIC_GENERATOR,HIGH,0.92
2023-04-27,kalimpong,57.5,56.0,49.6,54.0,2.8,8.4,76.8,56.7,47.1,SYNTHETIC_GENERATOR,HIGH,0.92
2023-04-27,lava,32.2,27.9,32.0,29.9,4.4,13.0,81.2,29.2,31.7,SYNTHETIC_GENERATOR,HIGH,0.92
2023-04-27,lolegaon,30.6,28.4,30.3,23.7,2.1,12.0,86.4,28.4,32.2,SYNTHETIC_GENERATOR,HIGH,0.92
2023-04-27,rishop,25.0,27.2,24.9,21.7,9.5,10.3,83.4,25.1,25.2,SYNTHETIC_GENERATOR,HIGH,0.92
2023-04-27,mirik,49.5,46.7,44.5,40.0,3.2,11.9,79.6,45.1,42.5,SYNTHETIC_GENERATOR,HIGH,0.92
2023-04-28,darjeeling,91.4,88.6,88.6,77.5,10.4,37.4,83.8,100.0,74.4,SYNTHETIC_GENERATOR,HIGH,0.92
2023-04-28,kalimpong,63.7,57.4,64.6,59.3,11.0,33.4,81.2,78.7,56.8,SYNTHETIC_GENERATOR,HIGH,0.92
2023-04-28,lava,33.2,28.5,35.6,26.8,15.4,34.9,78.1,48.2,39.8,SYNTHETIC_GENERATOR,HIGH,0.92
2023-04-28,lolegaon,29.8,30.9,32.1,27.2,16.3,38.5,80.9,41.8,35.9,SYNTHETIC_GENERATOR,HIGH,0.92
2023-04-28,rishop,31.6,26.4,40.6,30.1,6.8,26.7,84.8,46.4,32.5,SYNTHETIC_GENERATOR,HIGH,0.92
2023-04-28,mirik,57.7,57.7,59.1,54.6,8.1,26.8,85.7,68.1,53.3,SYNTHETIC_GENERATOR,HIGH,0.92
2023-04-29,darjeeling,100.0,93.1,100.0,85.4,10.5,27.2,78.1,100.0,77.5,SYNTHETIC_GENERATOR,HIGH,0.92
2023-04-29,kalimpong,74.0,69.5,75.1,69.6,9.1,31.4,84.2,89.9,66.3,SYNTHETIC_GENERATOR,HIGH,0.92
2023-04-29,lava,43.1,44.0,46.6,40.1,15.7,25.3,87.6,53.5,46.7,SYNTHETIC_GENERATOR,HIGH,0.92
2023-04-29,lolegaon,39.8,38.9,46.9,32.4,12.2,29.6,87.5,49.2,39.7,SYNTHETIC_GENERATOR,HIGH,0.92
2023-04-29,rishop,36.2,31.0,44.2,35.4,10.1,38.6,80.7,50.1,40.7,SYNTHETIC_GENERATOR,HIGH,0.92
2023-04-29,mirik,62.9,57.0,63.6,59.3,16.9,34.5,86.6,75.8,59.6,SYNTHETIC_GENERATOR,HIGH,0.92
2023-04-30,darjeeling,96.5,87.0,99.7,88.2,17.2,32.1,81.0,100.0,78.4,SYNTHETIC_GENERATOR,HIGH,0.92
2023-04-30,kalimpong,72.1,70.4,75.9,63.5,9.6,34.0,85.8,86.5,60.6,SYNTHETIC_GENERATOR,HIGH,0.92
2023-04-30,lava,38.1,32.0,39.5,34.9,13.2,36.9,77.6,48.2,38.6,SYNTHETIC_GENERATOR,HIGH,0.92
2023-04-30,lolegaon,32.0,27.3,37.6,32.9,15.8,36.4,86.2,46.0,37.2,SYNTHETIC_GENERATOR,HIGH,0.92
2023-04-30,rishop,34.3,30.8,39.4,32.5,8.4,35.3,85.9,47.3,39.7,SYNTHETIC_GENERATOR,HIGH,0.92
2023-04-30,mirik,55.4,55.1,62.5,52.6,7.9,39.2,87.1,68.8,57.1,SYNTHETIC_GENERATOR,HIGH,0.92
2023-05-01,darjeeling,84.6,82.8,81.6,71.4,7.6,6.7,80.8,86.1,66.9,SYNTHETIC_GENERATOR,HIGH,0.92
2023-05-01,kalimpong,58.5,58.6,50.8,53.7,5.5,14.2,81.4,56.5,50.1,SYNTHETIC_GENERATOR,HIGH,0.92
2023-05-01,lava,29.7,29.6,24.8,29.8,8.3,7.9,81.9,24.1,30.9,SYNTHETIC_GENERATOR,HIGH,0.92
2023-05-01,lolegaon,33.2,29.5,32.0,28.4,5.3,6.5,79.5,27.7,28.0,SYNTHETIC_GENERATOR,HIGH,0.92
2023-05-01,rishop,27.8,29.4,24.5,26.3,5.7,5.1,77.6,23.5,26.1,SYNTHETIC_GENERATOR,HIGH,0.92
2023-05-01,mirik,50.1,48.8,48.0,41.7,2.8,5.6,80.0,44.0,38.5,SYNTHETIC_GENERATOR,HIGH,0.92
2023-05-02,darjeeling,86.6,85.4,83.2,80.9,6.8,12.5,76.5,86.6,67.6,SYNTHETIC_GENERATOR,HIGH,0.92
2023-05-02,kalimpong,58.7,54.1,57.7,52.3,6.6,7.6,82.0,58.8,48.0,SYNTHETIC_GENERATOR,HIGH,0.92
2023-05-02,lava,35.0,30.0,30.7,31.1,3.1,6.2,76.5,28.0,33.1,SYNTHETIC_GENERATOR,HIGH,0.92
2023-05-02,lolegaon,31.4,32.9,27.2,31.4,6.9,12.6,79.2,26.8,27.7,SYNTHETIC_GENERATOR,HIGH,0.92
2023-05-02,rishop,29.7,26.4,31.3,28.8,3.2,13.5,83.9,28.7,31.5,SYNTHETIC_GENERATOR,HIGH,0.92
2023-05-02,mirik,46.7,40.2,41.0,43.2,5.5,15.0,87.1,39.7,40.6,SYNTHETIC_GENERATOR,HIGH,0.92
2023-05-03,darjeeling,82.7,79.4,76.0,72.7,8.8,13.7,77.5,81.7,66.2,SYNTHETIC_GENERATOR,HIGH,0.92
2023-05-03,kalimpong,57.1,53.7,50.7,54.2,6.7,10.8,87.7,54.2,47.3,SYNTHETIC_GENERATOR,HIGH,0.92
2023-05-03,lava,32.9,30.3,26.9,31.6,7.4,13.9,76.3,30.9,30.1,SYNTHETIC_GENERATOR,HIGH,0.92
2023-05-03,lolegaon,30.3,32.1,30.6,23.2,2.6,13.3,83.9,27.2,28.3,SYNTHETIC_GENERATOR,HIGH,0.92
2023-05-03,rishop,30.2,29.1,23.8,31.3,7.2,14.5,79.9,28.5,29.5,SYNTHETIC_GENERATOR,HIGH,0.92
2023-05-03,mirik,49.1,43.8,41.6,44.6,4.6,5.6,76.8,48.9,35.2,SYNTHETIC_GENERATOR,HIGH,0.92
2023-05-04,darjeeling,82.9,77.1,73.7,77.6,8.9,5.9,86.2,82.4,65.6,SYNTHETIC_GENERATOR,HIGH,0.92
2023-05-04,kalimpong,61.2,58.8,53.3,53.8,5.5,13.1,79.7,58.9,48.3,SYNTHETIC_GENERATOR,HIGH,0.92
2023-05-04,lava,29.8,29.3,30.1,26.4,5.9,13.9,81.7,27.7,27.1,SYNTHETIC_GENERATOR,HIGH,0.92
2023-05-04,lolegaon,31.9,30.9,28.8,27.3,2.3,8.4,81.6,26.5,31.4,SYNTHETIC_GENERATOR,HIGH,0.92
2023-05-04,rishop,28.3,23.8,26.0,26.2,6.2,7.9,81.2,28.6,26.9,SYNTHETIC_GENERATOR,HIGH,0.92
2023-05-04,mirik,46.0,46.5,45.1,40.7,4.4,5.5,76.9,39.1,39.4,SYNTHETIC_GENERATOR,HIGH,0.92
2023-05-05,darjeeling,100.0,93.4,96.8,100.0,12.4,63.8,79.1,100.0,83.0,SYNTHETIC_GENERATOR,HIGH,0.92
2023-05-05,kalimpong,90.8,82.8,89.0,90.8,6.1,66.9,79.6,100.0,78.7,SYNTHETIC_GENERATOR,HIGH,0.92
2023-05-05,lava,45.2,43.9,50.6,49.4,17.6,66.9,78.2,51.7,49.9,SYNTHETIC_GENERATOR,HIGH,0.92
2023-05-05,lolegaon,42.4,36.7,47.3,44.4,6.5,63.4,81.7,53.7,43.6,SYNTHETIC_GENERATOR,HIGH,0.92
2023-05-05,rishop,39.2,40.6,44.9,46.4,13.0,67.4,80.3,49.8,46.1,SYNTHETIC_GENERATOR,HIGH,0.92
2023-05-05,mirik,69.6,62.4,68.1,69.4,5.2,67.4,86.3,76.7,62.3,SYNTHETIC_GENERATOR,HIGH,0.92
2023-05-06,darjeeling,100.0,95.2,99.5,89.3,15.3,27.9,79.6,100.0,80.0,SYNTHETIC_GENERATOR,HIGH,0.92
2023-05-06,kalimpong,71.1,64.1,75.0,67.2,11.1,37.9,83.0,81.3,63.7,SYNTHETIC_GENERATOR,HIGH,0.92
2023-05-06,lava,40.9,41.1,42.0,31.1,13.2,35.7,87.8,53.9,43.2,SYNTHETIC_GENERATOR,HIGH,0.92
2023-05-06,lolegaon,37.1,33.2,42.0,32.5,12.7,34.2,84.1,50.8,37.9,SYNTHETIC_GENERATOR,HIGH,0.92
2023-05-06,rishop,33.9,33.6,39.4,29.1,9.1,26.0,86.7,43.9,35.2,SYNTHETIC_GENERATOR,HIGH,0.92
2023-05-06,mirik,63.7,58.7,68.2,51.3,8.7,27.9,80.1,72.1,56.6,SYNTHETIC_GENERATOR,HIGH,0.92
2023-05-07,darjeeling,95.2,92.8,94.3,84.8,16.0,34.9,77.6,100.0,77.3,SYNTHETIC_GENERATOR,HIGH,0.92
2023-05-07,kalimpong,72.2,69.3,76.3,66.5,15.4,37.7,83.5,82.9,60.0,SYNTHETIC_GENERATOR,HIGH,0.92
2023-05-07,lava,40.1,39.0,41.9,32.3,12.9,26.5,81.0,54.4,41.1,SYNTHETIC_GENERATOR,HIGH,0.92
2023-05-07,lolegaon,31.8,26.0,40.3,26.6,7.1,37.4,86.7,40.6,38.0,SYNTHETIC_GENERATOR,HIGH,0.92
2023-05-07,rishop,29.2,26.9,35.8,21.9,7.9,28.9,80.1,40.1,38.0,SYNTHETIC_GENERATOR,HIGH,0.92
2023-05-07,mirik,56.0,49.8,61.0,49.4,13.7,35.6,87.1,67.6,55.0,SYNTHETIC_GENERATOR,HIGH,0.92
2023-05-08,darjeeling,83.4,81.1,73.6,69.5,6.9,12.8,87.4,88.2,67.6,SYNTHETIC_GENERATOR,HIGH,0.92
2023-05-08,kalimpong,60.3,59.6,58.8,49.6,4.3,9.4,82.1,58.5,50.4,SYNTHETIC_GENERATOR,HIGH,0.92
2023-05-08,lava,29.6,29.0,25.9,22.4,8.8,9.4,81.0,29.2,29.3,SYNTHETIC_GENERATOR,HIGH,0.92
2023-05-08,lolegaon,28.6,26.9,23.0,23.9,8.0,8.6,84.0,23.5,31.8,SYNTHETIC_GENERATOR,HIGH,0.92
2023-05-08,rishop,28.8,26.4,24.3,28.4,5.3,9.1,81.5,28.5,29.2,SYNTHETIC_GENERATOR,HIGH,0.92
2023-05-08,mirik,45.3,39.7,37.8,42.9,9.5,5.8,79.8,46.1,37.1,SYNTHETIC_GENERATOR,HIGH,0.92
2023-05-09,darjeeling,81.4,73.0,77.0,73.2,7.1,14.0,76.7,84.7,63.8,SYNTHETIC_GENERATOR,HIGH,0.92
2023-05-09,kalimpong,59.5,54.3,54.0,54.2,6.4,8.0,84.9,59.3,46.3,SYNTHETIC_GENERATOR,HIGH,0.92
2023-05-09,lava,29.0,25.5,26.9,29.7,7.6,9.5,78.5,26.9,29.5,SYNTHETIC_GENERATOR,HIGH,0.92
2023-05-09,lolegaon,31.1,32.3,30.9,26.4,3.6,8.0,76.4,26.8,26.5,SYNTHETIC_GENERATOR,HIGH,0.92
2023-05-09,rishop,28.6,28.8,23.3,30.1,4.3,5.9,82.6,25.7,28.3,SYNTHETIC_GENERATOR,HIGH,0.92
2023-05-09,mirik,45.3,45.0,42.4,37.3,8.2,12.3,87.8,39.1,39.0,SYNTHETIC_GENERATOR,HIGH,0.92
2023-05-10,darjeeling,80.6,74.7,75.2,69.5,2.4,11.5,77.5,81.3,62.7,SYNTHETIC_GENERATOR,HIGH,0.92
2023-05-10,kalimpong,62.8,61.5,61.7,55.9,9.2,11.3,82.4,59.5,50.3,SYNTHETIC_GENERATOR,HIGH,0.92
2023-05-10,lava,31.4,27.8,31.2,29.8,7.4,12.1,82.2,26.3,29.3,SYNTHETIC_GENERATOR,HIGH,0.92
2023-05-10,lolegaon,32.0,29.0,26.2,30.3,8.6,5.8,76.7,31.9,32.6,SYNTHETIC_GENERATOR,HIGH,0.92
2023-05-10,rishop,26.8,24.8,23.6,23.8,6.7,10.2,80.7,22.3,24.5,SYNTHETIC_GENERATOR,HIGH,0.92
2023-05-10,mirik,48.2,48.8,44.3,47.1,8.6,6.4,77.5,46.2,42.1,SYNTHETIC_GENERATOR,HIGH,0.92
2023-05-11,darjeeling,81.1,77.9,77.5,67.5,3.7,9.7,85.0,86.9,61.4,SYNTHETIC_GENERATOR,HIGH,0.92
2023-05-11,kalimpong,60.1,55.8,52.3,53.6,2.3,6.5,80.5,60.4,52.5,SYNTHETIC_GENERATOR,HIGH,0.92
2023-05-11,lava,31.0,29.0,30.8,23.7,6.7,5.5,86.7,31.1,31.4,SYNTHETIC_GENERATOR,HIGH,0.92
2023-05-11,lolegaon,29.6,24.8,26.0,29.8,5.3,10.7,82.8,30.2,33.4,SYNTHETIC_GENERATOR,HIGH,0.92
2023-05-11,rishop,29.0,27.1,28.4,26.6,8.1,10.0,81.5,25.4,24.9,SYNTHETIC_GENERATOR,HIGH,0.92
2023-05-11,mirik,47.4,47.0,44.9,40.8,3.9,9.0,82.5,47.6,43.0,SYNTHETIC_GENERATOR,HIGH,0.92
2023-05-12,darjeeling,95.4,91.6,96.9,87.6,14.2,33.6,85.6,100.0,78.6,SYNTHETIC_GENERATOR,HIGH,0.92
2023-05-12,kalimpong,66.8,60.3,70.4,59.6,5.7,33.6,78.3,79.9,58.9,SYNTHETIC_GENERATOR,HIGH,0.92
2023-05-12,lava,39.2,33.8,47.6,31.3,5.2,36.8,78.9,51.5,42.8,SYNTHETIC_GENERATOR,HIGH,0.92
2023-05-12,lolegaon,35.3,34.0,39.7,26.5,16.2,25.3,81.2,46.3,36.7,SYNTHETIC_GENERATOR,HIGH,0.92
2023-05-12,rishop,33.0,29.6,36.4,25.2,6.3,27.5,77.7,42.0,36.4,SYNTHETIC_GENERATOR,HIGH,0.92
2023-05-12,mirik,54.0,48.1,58.6,45.8,5.4,25.9,80.7,65.0,50.6,SYNTHETIC_GENERATOR,HIGH,0.92
2023-05-13,darjeeling,100.0,92.6,99.0,91.3,6.6,28.0,85.0,100.0,76.2,SYNTHETIC_GENERATOR,HIGH,0.92
2023-05-13,kalimpong,72.6,65.2,71.3,63.5,10.3,32.3,80.9,82.9,62.7,SYNTHETIC_GENERATOR,HIGH,0.92
2023-05-13,lava,43.1,38.7,51.4,39.7,8.2,33.3,85.4,51.1,43.5,SYNTHETIC_GENERATOR,HIGH,0.92
2023-05-13,lolegaon,37.7,33.1,46.4,31.9,17.8,36.7,82.5,48.1,42.2,SYNTHETIC_GENERATOR,HIGH,0.92
2023-05-13,rishop,36.9,34.3,38.0,32.1,15.8,29.3,87.7,42.8,41.6,SYNTHETIC_GENERATOR,HIGH,0.92
2023-05-13,mirik,61.3,60.3,63.4,52.5,13.2,33.8,82.1,68.7,55.2,SYNTHETIC_GENERATOR,HIGH,0.92
2023-05-14,darjeeling,98.9,93.5,97.4,86.0,6.6,27.1,82.7,100.0,76.0,SYNTHETIC_GENERATOR,HIGH,0.92
2023-05-14,kalimpong,73.1,67.3,76.7,62.8,8.4,36.3,81.4,83.4,65.2,SYNTHETIC_GENERATOR,HIGH,0.92
2023-05-14,lava,41.8,38.0,46.1,37.8,5.2,35.4,83.8,47.7,37.6,SYNTHETIC_GENERATOR,HIGH,0.92
2023-05-14,lolegaon,36.2,33.3,44.5,33.9,14.9,33.1,85.4,48.8,41.8,SYNTHETIC_GENERATOR,HIGH,0.92
2023-05-14,rishop,29.3,23.8,37.6,27.5,13.7,30.3,85.8,43.9,35.1,SYNTHETIC_GENERATOR,HIGH,0.92
2023-05-14,mirik,59.5,57.5,58.8,52.0,17.2,31.7,78.7,67.1,55.5,SYNTHETIC_GENERATOR,HIGH,0.92
2023-05-15,darjeeling,82.2,80.6,74.5,68.2,6.9,8.0,84.6,82.3,62.6,SYNTHETIC_GENERATOR,HIGH,0.92
2023-05-15,kalimpong,57.9,57.7,54.9,48.0,3.6,13.2,80.8,57.6,48.9,SYNTHETIC_GENERATOR,HIGH,0.92
2023-05-15,lava,32.9,30.9,30.7,30.6,6.5,11.8,82.8,26.0,31.8,SYNTHETIC_GENERATOR,HIGH,0.92
2023-05-15,lolegaon,28.0,26.9,23.6,24.9,8.3,6.9,84.1,29.8,29.2,SYNTHETIC_GENERATOR,HIGH,0.92
2023-05-15,rishop,28.4,27.0,24.2,25.6,5.6,14.4,83.7,28.9,34.1,SYNTHETIC_GENERATOR,HIGH,0.92
2023-05-15,mirik,48.1,49.2,42.4,44.1,5.7,8.6,85.1,47.5,44.1,SYNTHETIC_GENERATOR,HIGH,0.92
2023-05-16,darjeeling,81.8,75.1,74.6,71.5,2.0,6.9,77.0,84.6,66.7,SYNTHETIC_GENERATOR,HIGH,0.92
2023-05-16,kalimpong,62.7,58.3,54.3,52.7,3.3,8.1,83.5,55.4,49.9,SYNTHETIC_GENERATOR,HIGH,0.92
2023-05-16,lava,32.3,32.8,30.5,29.7,4.7,7.5,77.3,26.9,29.9,SYNTHETIC_GENERATOR,HIGH,0.92
2023-05-16,lolegaon,28.5,29.1,29.8,27.8,7.0,12.6,83.5,26.8,30.8,SYNTHETIC_GENERATOR,HIGH,0.92
2023-05-16,rishop,24.1,19.1,18.4,19.3,8.8,5.7,77.5,25.7,22.5,SYNTHETIC_GENERATOR,HIGH,0.92
2023-05-16,mirik,49.5,43.1,47.0,44.2,4.4,8.8,77.1,47.6,42.2,SYNTHETIC_GENERATOR,HIGH,0.92
2023-05-17,darjeeling,81.8,77.7,76.5,67.1,5.1,13.0,86.6,85.0,62.6,SYNTHETIC_GENERATOR,HIGH,0.92
2023-05-17,kalimpong,61.4,57.3,55.1,51.0,2.8,11.0,76.8,59.9,53.6,SYNTHETIC_GENERATOR,HIGH,0.92
2023-05-17,lava,30.3,29.1,29.0,24.2,5.4,12.2,81.3,25.5,29.6,SYNTHETIC_GENERATOR,HIGH,0.92
2023-05-17,lolegaon,28.4,26.2,29.8,27.5,4.5,13.9,85.3,23.3,28.5,SYNTHETIC_GENERATOR,HIGH,0.92
2023-05-17,rishop,25.7,22.9,22.6,17.7,6.7,11.8,76.7,23.5,27.7,SYNTHETIC_GENERATOR,HIGH,0.92
2023-05-17,mirik,48.1,42.8,41.9,46.4,8.3,8.4,84.0,46.0,37.8,SYNTHETIC_GENERATOR,HIGH,0.92
2023-05-18,darjeeling,87.1,82.7,78.8,77.4,78.7,11.2,81.0,86.4,71.4,SYNTHETIC_GENERATOR,HIGH,0.92
2023-05-18,kalimpong,56.2,50.6,47.7,46.7,72.8,11.2,78.9,55.1,53.5,SYNTHETIC_GENERATOR,HIGH,0.92
2023-05-18,lava,35.6,32.1,34.7,28.4,78.9,8.6,76.9,27.7,40.2,SYNTHETIC_GENERATOR,HIGH,0.92
2023-05-18,lolegaon,27.6,26.6,27.5,19.7,72.6,6.7,86.6,27.3,36.1,SYNTHETIC_GENERATOR,HIGH,0.92
2023-05-18,rishop,25.9,24.8,21.3,18.0,9.3,5.2,84.1,22.6,26.1,SYNTHETIC_GENERATOR,HIGH,0.92
2023-05-18,mirik,51.7,47.0,45.5,48.6,9.5,14.8,88.0,50.4,44.2,SYNTHETIC_GENERATOR,HIGH,0.92
2023-05-19,darjeeling,95.3,86.1,92.8,88.1,15.3,27.9,80.5,100.0,72.4,SYNTHETIC_GENERATOR,HIGH,0.92
2023-05-19,kalimpong,64.6,57.1,68.4,53.7,12.0,36.8,79.9,74.7,54.4,SYNTHETIC_GENERATOR,HIGH,0.92
2023-05-19,lava,38.5,39.2,46.2,38.6,16.5,28.1,77.0,49.1,41.6,SYNTHETIC_GENERATOR,HIGH,0.92
2023-05-19,lolegaon,33.3,33.3,39.8,29.4,11.5,32.0,79.9,44.5,37.2,SYNTHETIC_GENERATOR,HIGH,0.92
2023-05-19,rishop,31.9,31.7,37.3,25.8,10.2,38.8,83.0,39.5,37.1,SYNTHETIC_GENERATOR,HIGH,0.92
2023-05-19,mirik,57.1,52.8,59.0,54.1,12.4,39.0,80.5,69.4,55.8,SYNTHETIC_GENERATOR,HIGH,0.92
2023-05-20,darjeeling,99.1,89.8,98.7,85.7,12.6,32.0,83.5,100.0,77.3,SYNTHETIC_GENERATOR,HIGH,0.92
2023-05-20,kalimpong,75.5,69.5,76.5,63.2,8.0,34.7,80.3,84.1,64.9,SYNTHETIC_GENERATOR,HIGH,0.92
2023-05-20,lava,42.8,40.3,48.5,40.5,17.0,26.5,76.9,48.8,43.6,SYNTHETIC_GENERATOR,HIGH,0.92
2023-05-20,lolegaon,35.5,31.8,43.2,33.1,8.6,35.6,88.0,51.1,42.2,SYNTHETIC_GENERATOR,HIGH,0.92
2023-05-20,rishop,35.8,35.6,44.2,26.6,8.9,37.3,85.4,45.2,37.5,SYNTHETIC_GENERATOR,HIGH,0.92
2023-05-20,mirik,61.7,57.8,64.9,56.9,6.9,31.0,78.7,74.7,57.8,SYNTHETIC_GENERATOR,HIGH,0.92
2023-05-21,darjeeling,97.0,91.3,99.5,87.9,14.4,31.9,85.5,100.0,81.6,SYNTHETIC_GENERATOR,HIGH,0.92
2023-05-21,kalimpong,71.3,64.7,73.2,63.3,9.9,33.7,77.5,87.4,66.4,SYNTHETIC_GENERATOR,HIGH,0.92
2023-05-21,lava,35.0,35.4,42.9,29.2,10.4,35.3,80.8,49.0,38.0,SYNTHETIC_GENERATOR,HIGH,0.92
2023-05-21,lolegaon,31.6,32.0,40.4,24.3,17.4,30.0,83.6,45.1,37.4,SYNTHETIC_GENERATOR,HIGH,0.92
2023-05-21,rishop,33.0,34.0,42.2,26.1,10.1,33.0,78.3,40.8,35.1,SYNTHETIC_GENERATOR,HIGH,0.92
2023-05-21,mirik,60.4,53.5,60.4,53.7,5.4,35.3,81.9,69.1,53.1,SYNTHETIC_GENERATOR,HIGH,0.92
2023-05-22,darjeeling,80.7,79.6,72.5,68.3,7.3,5.7,76.7,83.2,65.3,SYNTHETIC_GENERATOR,HIGH,0.92
2023-05-22,kalimpong,58.8,52.5,51.0,52.1,5.8,5.7,87.5,58.3,52.0,SYNTHETIC_GENERATOR,HIGH,0.92
2023-05-22,lava,29.8,25.7,26.9,28.3,5.8,11.0,87.3,27.9,26.4,SYNTHETIC_GENERATOR,HIGH,0.92
2023-05-22,lolegaon,28.1,22.5,23.0,20.4,5.2,13.1,82.3,29.2,27.5,SYNTHETIC_GENERATOR,HIGH,0.92
2023-05-22,rishop,29.7,27.6,27.9,28.5,4.3,13.8,81.5,27.9,29.3,SYNTHETIC_GENERATOR,HIGH,0.92
2023-05-22,mirik,49.4,48.9,42.8,41.0,9.2,12.3,81.5,48.8,41.1,SYNTHETIC_GENERATOR,HIGH,0.92
2023-05-23,darjeeling,81.5,77.2,74.1,76.2,3.9,13.7,79.3,84.8,63.7,SYNTHETIC_GENERATOR,HIGH,0.92
2023-05-23,kalimpong,60.8,58.9,53.7,53.4,9.9,10.5,87.9,53.7,55.0,SYNTHETIC_GENERATOR,HIGH,0.92
2023-05-23,lava,29.6,30.0,25.8,25.6,4.0,10.1,81.5,23.6,27.2,SYNTHETIC_GENERATOR,HIGH,0.92
2023-05-23,lolegaon,28.9,29.1,29.4,24.4,2.1,6.1,87.0,25.1,25.4,SYNTHETIC_GENERATOR,HIGH,0.92
2023-05-23,rishop,28.7,26.9,22.9,25.7,3.9,14.5,77.7,28.2,28.9,SYNTHETIC_GENERATOR,HIGH,0.92
2023-05-23,mirik,45.2,39.3,39.9,40.1,5.1,5.8,85.2,43.6,37.7,SYNTHETIC_GENERATOR,HIGH,0.92
2023-05-24,darjeeling,81.3,75.3,72.5,66.9,7.4,7.2,84.4,86.3,65.1,SYNTHETIC_GENERATOR,HIGH,0.92
2023-05-24,kalimpong,60.9,60.4,55.2,51.7,2.4,5.0,85.3,59.3,46.9,SYNTHETIC_GENERATOR,HIGH,0.92
2023-05-24,lava,35.4,32.3,30.5,27.1,5.4,14.9,80.0,28.8,31.0,SYNTHETIC_GENERATOR,HIGH,0.92
2023-05-24,lolegaon,32.4,32.8,32.5,25.2,3.3,9.2,77.3,27.7,29.0,SYNTHETIC_GENERATOR,HIGH,0.92
2023-05-24,rishop,27.4,23.3,22.9,24.5,9.5,6.2,78.6,23.5,27.5,SYNTHETIC_GENERATOR,HIGH,0.92
2023-05-24,mirik,47.3,43.6,43.2,37.3,8.5,11.5,80.4,40.4,41.9,SYNTHETIC_GENERATOR,HIGH,0.92
2023-05-25,darjeeling,81.7,75.2,76.0,76.7,2.8,10.4,87.9,86.8,68.4,SYNTHETIC_GENERATOR,HIGH,0.92
2023-05-25,kalimpong,60.1,60.3,56.9,54.7,9.8,11.9,80.0,57.6,55.8,SYNTHETIC_GENERATOR,HIGH,0.92
2023-05-25,lava,35.1,31.5,35.1,30.7,4.7,11.1,83.0,30.1,31.7,SYNTHETIC_GENERATOR,HIGH,0.92
2023-05-25,lolegaon,30.3,32.4,25.7,27.8,9.2,8.1,84.9,29.6,29.5,SYNTHETIC_GENERATOR,HIGH,0.92
2023-05-25,rishop,27.8,22.6,24.6,22.4,3.2,7.0,76.5,28.3,22.1,SYNTHETIC_GENERATOR,HIGH,0.92
2023-05-25,mirik,50.3,45.9,44.5,45.7,8.1,10.2,87.7,47.4,40.3,SYNTHETIC_GENERATOR,HIGH,0.92
2023-05-26,darjeeling,91.2,81.9,94.7,78.6,8.1,33.1,86.9,100.0,75.9,SYNTHETIC_GENERATOR,HIGH,0.92
2023-05-26,kalimpong,67.9,64.7,69.5,58.0,10.8,25.1,86.4,77.6,63.3,SYNTHETIC_GENERATOR,HIGH,0.92
2023-05-26,lava,34.2,33.2,36.6,27.1,6.2,33.9,86.0,49.6,38.4,SYNTHETIC_GENERATOR,HIGH,0.92
2023-05-26,lolegaon,34.8,31.2,41.8,28.1,7.3,28.7,79.4,46.2,38.3,SYNTHETIC_GENERATOR,HIGH,0.92
2023-05-26,rishop,31.4,27.7,39.1,23.4,17.6,31.0,78.0,42.4,32.5,SYNTHETIC_GENERATOR,HIGH,0.92
2023-05-26,mirik,56.4,55.6,62.2,44.8,10.0,37.8,85.1,71.8,54.6,SYNTHETIC_GENERATOR,HIGH,0.92
2023-05-27,darjeeling,100.0,91.2,100.0,85.6,11.0,31.8,80.5,100.0,80.6,SYNTHETIC_GENERATOR,HIGH,0.92
2023-05-27,kalimpong,73.2,66.0,72.9,59.5,11.5,35.9,81.9,88.9,64.6,SYNTHETIC_GENERATOR,HIGH,0.92
2023-05-27,lava,43.5,44.7,47.0,38.2,13.3,33.8,80.9,49.3,46.2,SYNTHETIC_GENERATOR,HIGH,0.92
2023-05-27,lolegaon,37.2,32.5,41.7,30.3,16.9,35.8,82.1,48.3,39.4,SYNTHETIC_GENERATOR,HIGH,0.92
2023-05-27,rishop,35.3,34.8,41.7,35.3,14.6,28.6,76.4,48.1,37.2,SYNTHETIC_GENERATOR,HIGH,0.92
2023-05-27,mirik,62.0,59.4,63.1,54.1,13.9,28.8,83.2,76.5,54.7,SYNTHETIC_GENERATOR,HIGH,0.92
2023-05-28,darjeeling,99.6,89.7,100.0,89.1,16.9,31.0,83.0,100.0,79.0,SYNTHETIC_GENERATOR,HIGH,0.92
2023-05-28,kalimpong,69.4,67.9,69.9,59.1,17.6,34.9,80.6,80.8,62.3,SYNTHETIC_GENERATOR,HIGH,0.92
2023-05-28,lava,37.8,38.5,44.6,29.2,13.3,36.7,80.1,45.9,40.9,SYNTHETIC_GENERATOR,HIGH,0.92
2023-05-28,lolegaon,34.2,30.6,43.4,33.3,5.0,26.0,84.4,46.3,33.0,SYNTHETIC_GENERATOR,HIGH,0.92
2023-05-28,rishop,33.3,33.2,36.0,28.1,14.2,28.0,78.2,47.8,33.5,SYNTHETIC_GENERATOR,HIGH,0.92
2023-05-28,mirik,55.4,48.5,56.4,51.3,8.4,38.5,80.9,68.6,53.5,SYNTHETIC_GENERATOR,HIGH,0.92
2023-05-29,darjeeling,84.6,82.5,75.2,72.4,5.0,7.8,80.1,87.4,62.7,SYNTHETIC_GENERATOR,HIGH,0.92
2023-05-29,kalimpong,56.6,49.7,54.1,44.9,6.7,14.9,77.2,53.7,46.9,SYNTHETIC_GENERATOR,HIGH,0.92
2023-05-29,lava,29.0,28.1,30.6,28.1,9.5,9.7,80.0,26.0,26.6,SYNTHETIC_GENERATOR,HIGH,0.92
2023-05-29,lolegaon,33.2,33.7,34.1,30.9,5.0,5.6,80.3,28.3,34.9,SYNTHETIC_GENERATOR,HIGH,0.92
2023-05-29,rishop,24.2,22.4,23.9,23.5,9.1,6.4,83.2,25.3,26.0,SYNTHETIC_GENERATOR,HIGH,0.92
2023-05-29,mirik,50.8,46.7,47.7,46.3,5.8,9.1,78.3,50.5,46.7,SYNTHETIC_GENERATOR,HIGH,0.92
2023-05-30,darjeeling,86.9,84.2,76.1,75.1,2.4,13.1,79.9,88.4,65.6,SYNTHETIC_GENERATOR,HIGH,0.92
2023-05-30,kalimpong,60.2,53.2,54.8,57.3,9.4,14.9,86.3,59.8,49.6,SYNTHETIC_GENERATOR,HIGH,0.92
2023-05-30,lava,34.0,30.3,28.8,26.4,6.2,10.7,86.3,30.3,34.2,SYNTHETIC_GENERATOR,HIGH,0.92
2023-05-30,lolegaon,28.3,28.0,26.4,28.7,3.3,9.5,77.4,27.4,31.2,SYNTHETIC_GENERATOR,HIGH,0.92
2023-05-30,rishop,25.2,21.4,25.2,23.8,2.7,9.3,84.6,20.4,30.2,SYNTHETIC_GENERATOR,HIGH,0.92
2023-05-30,mirik,50.5,45.2,44.5,44.2,9.2,6.2,77.6,46.7,39.7,SYNTHETIC_GENERATOR,HIGH,0.92
2023-05-31,darjeeling,85.3,76.9,80.0,78.8,9.5,12.7,83.2,88.5,65.5,SYNTHETIC_GENERATOR,HIGH,0.92
2023-05-31,kalimpong,61.1,56.5,57.3,54.4,8.8,13.1,78.7,54.2,52.3,SYNTHETIC_GENERATOR,HIGH,0.92
2023-05-31,lava,29.5,24.4,29.1,30.3,8.0,6.2,80.4,29.8,32.2,SYNTHETIC_GENERATOR,HIGH,0.92
2023-05-31,lolegaon,26.2,21.1,24.4,26.5,9.8,8.2,80.4,25.9,26.3,SYNTHETIC_GENERATOR,HIGH,0.92
2023-05-31,rishop,29.1,27.5,27.6,22.8,5.2,10.4,81.5,23.0,32.0,SYNTHETIC_GENERATOR,HIGH,0.92
2023-05-31,mirik,48.6,45.3,45.5,39.2,7.3,13.0,84.4,45.7,40.7,SYNTHETIC_GENERATOR,HIGH,0.92
2023-06-01,darjeeling,82.4,81.4,72.8,77.5,7.7,9.8,85.9,84.6,65.7,SYNTHETIC_GENERATOR,HIGH,0.92
2023-06-01,kalimpong,62.8,57.7,60.4,52.4,7.9,13.1,84.4,55.2,49.1,SYNTHETIC_GENERATOR,HIGH,0.92
2023-06-01,lava,35.0,30.3,32.1,29.7,9.9,11.6,86.2,34.9,31.7,SYNTHETIC_GENERATOR,HIGH,0.92
2023-06-01,lolegaon,30.9,33.0,30.5,26.1,6.2,7.8,84.4,25.5,29.8,SYNTHETIC_GENERATOR,HIGH,0.92
2023-06-01,rishop,29.5,26.9,24.2,28.5,6.6,13.1,86.2,27.8,28.4,SYNTHETIC_GENERATOR,HIGH,0.92
2023-06-01,mirik,46.1,44.9,40.7,37.0,3.7,12.5,84.8,38.9,39.7,SYNTHETIC_GENERATOR,HIGH,0.92
2023-06-02,darjeeling,94.3,89.2,96.2,87.9,6.9,39.3,81.1,100.0,79.4,SYNTHETIC_GENERATOR,HIGH,0.92
2023-06-02,kalimpong,69.7,63.0,68.5,66.1,13.5,33.9,87.6,83.6,62.4,SYNTHETIC_GENERATOR,HIGH,0.92
2023-06-02,lava,35.7,29.8,38.8,31.3,13.9,39.3,83.8,46.2,38.0,SYNTHETIC_GENERATOR,HIGH,0.92
2023-06-02,lolegaon,34.3,34.5,42.5,31.7,8.6,34.8,80.4,43.2,35.1,SYNTHETIC_GENERATOR,HIGH,0.92
2023-06-02,rishop,27.6,25.9,34.7,24.4,5.3,33.6,82.9,38.3,33.5,SYNTHETIC_GENERATOR,HIGH,0.92
2023-06-02,mirik,52.4,49.1,57.4,45.4,12.4,26.5,76.8,68.5,46.3,SYNTHETIC_GENERATOR,HIGH,0.92
2023-06-03,darjeeling,100.0,91.5,100.0,83.2,12.2,33.0,85.7,100.0,77.2,SYNTHETIC_GENERATOR,HIGH,0.92
2023-06-03,kalimpong,74.9,72.7,73.9,68.4,17.6,38.5,78.2,87.7,66.3,SYNTHETIC_GENERATOR,HIGH,0.92
2023-06-03,lava,38.2,36.3,45.5,29.8,6.7,28.1,77.9,49.6,40.0,SYNTHETIC_GENERATOR,HIGH,0.92
2023-06-03,lolegaon,40.1,37.7,43.8,35.7,10.5,39.2,76.0,48.9,41.2,SYNTHETIC_GENERATOR,HIGH,0.92
2023-06-03,rishop,37.1,35.0,44.4,34.2,10.8,33.7,84.3,47.1,42.9,SYNTHETIC_GENERATOR,HIGH,0.92
2023-06-03,mirik,60.9,54.9,60.8,56.8,8.1,27.8,79.6,74.7,54.7,SYNTHETIC_GENERATOR,HIGH,0.92
2023-06-04,darjeeling,100.0,94.8,97.7,86.6,6.7,34.3,76.9,100.0,75.8,SYNTHETIC_GENERATOR,HIGH,0.92
2023-06-04,kalimpong,69.2,61.7,69.7,60.1,14.0,33.0,76.8,84.0,64.3,SYNTHETIC_GENERATOR,HIGH,0.92
2023-06-04,lava,41.9,41.0,44.1,35.6,13.5,37.3,83.3,51.2,47.6,SYNTHETIC_GENERATOR,HIGH,0.92
2023-06-04,lolegaon,34.5,28.6,40.6,26.1,6.6,26.6,82.6,42.9,41.8,SYNTHETIC_GENERATOR,HIGH,0.92
2023-06-04,rishop,33.2,30.1,37.2,26.9,16.3,28.4,76.1,43.1,38.4,SYNTHETIC_GENERATOR,HIGH,0.92
2023-06-04,mirik,54.8,54.9,55.8,50.5,9.0,37.3,81.9,67.3,52.4,SYNTHETIC_GENERATOR,HIGH,0.92
2023-06-05,darjeeling,85.1,82.9,78.7,76.0,9.2,6.7,87.4,86.3,65.8,SYNTHETIC_GENERATOR,HIGH,0.92
2023-06-05,kalimpong,62.7,59.2,58.4,58.7,5.8,6.3,76.1,58.8,53.5,SYNTHETIC_GENERATOR,HIGH,0.92
2023-06-05,lava,30.0,25.2,26.6,28.8,2.4,12.3,87.7,29.0,29.8,SYNTHETIC_GENERATOR,HIGH,0.92
2023-06-05,lolegaon,31.1,26.7,32.5,30.4,6.0,7.8,81.1,31.6,33.8,SYNTHETIC_GENERATOR,HIGH,0.92
2023-06-05,rishop,29.7,30.4,25.8,29.7,9.6,9.1,79.8,23.0,32.3,SYNTHETIC_GENERATOR,HIGH,0.92
2023-06-05,mirik,51.7,45.9,44.0,47.9,6.4,9.9,86.5,51.1,45.7,SYNTHETIC_GENERATOR,HIGH,0.92
2023-06-06,darjeeling,83.2,78.3,78.4,73.0,6.1,15.0,86.7,87.0,64.6,SYNTHETIC_GENERATOR,HIGH,0.92
2023-06-06,kalimpong,62.3,60.5,59.0,56.8,8.0,7.4,84.9,61.9,54.0,SYNTHETIC_GENERATOR,HIGH,0.92
2023-06-06,lava,34.7,35.7,32.1,31.6,6.9,14.6,84.1,33.8,32.6,SYNTHETIC_GENERATOR,HIGH,0.92
2023-06-06,lolegaon,26.7,27.8,24.7,28.0,5.4,8.8,80.5,21.8,27.2,SYNTHETIC_GENERATOR,HIGH,0.92
2023-06-06,rishop,29.9,26.1,27.8,29.0,2.9,8.0,79.5,24.2,27.9,SYNTHETIC_GENERATOR,HIGH,0.92
2023-06-06,mirik,46.6,42.2,46.3,42.4,8.6,5.4,81.6,44.2,37.8,SYNTHETIC_GENERATOR,HIGH,0.92
2023-06-07,darjeeling,83.6,77.4,77.8,71.9,4.8,5.1,86.7,83.2,64.5,SYNTHETIC_GENERATOR,HIGH,0.92
2023-06-07,kalimpong,59.3,52.4,54.7,48.7,3.0,9.9,77.9,57.1,48.3,SYNTHETIC_GENERATOR,HIGH,0.92
2023-06-07,lava,30.5,27.8,26.5,26.1,3.5,13.1,77.3,27.2,29.5,SYNTHETIC_GENERATOR,HIGH,0.92
2023-06-07,lolegaon,28.7,26.4,25.3,29.0,3.6,6.9,76.5,25.5,26.4,SYNTHETIC_GENERATOR,HIGH,0.92
2023-06-07,rishop,28.7,30.2,23.7,22.2,5.8,11.7,79.2,25.0,24.3,SYNTHETIC_GENERATOR,HIGH,0.92
2023-06-07,mirik,50.1,45.7,48.2,47.9,6.0,14.2,86.1,45.2,42.6,SYNTHETIC_GENERATOR,HIGH,0.92
2023-06-08,darjeeling,81.0,73.0,70.7,67.8,6.0,12.7,78.8,84.7,59.6,SYNTHETIC_GENERATOR,HIGH,0.92
2023-06-08,kalimpong,61.1,56.9,54.5,53.6,8.1,7.5,77.8,57.4,54.2,SYNTHETIC_GENERATOR,HIGH,0.92
2023-06-08,lava,30.6,30.9,31.1,31.9,4.0,13.2,78.4,29.4,32.3,SYNTHETIC_GENERATOR,HIGH,0.92
2023-06-08,lolegaon,29.7,25.4,31.3,27.0,7.1,7.3,77.6,23.4,25.2,SYNTHETIC_GENERATOR,HIGH,0.92
2023-06-08,rishop,30.4,32.0,27.4,27.9,2.7,5.5,80.9,25.3,27.9,SYNTHETIC_GENERATOR,HIGH,0.92
2023-06-08,mirik,47.5,44.5,43.8,43.2,4.4,7.7,79.4,42.8,39.1,SYNTHETIC_GENERATOR,HIGH,0.92
2023-06-09,darjeeling,92.1,85.1,89.1,76.5,5.7,36.2,78.5,100.0,75.5,SYNTHETIC_GENERATOR,HIGH,0.92
2023-06-09,kalimpong,64.2,63.9,66.0,54.5,6.3,25.2,82.6,80.8,57.5,SYNTHETIC_GENERATOR,HIGH,0.92
2023-06-09,lava,35.2,35.0,39.3,33.8,11.9,30.6,83.8,44.6,35.7,SYNTHETIC_GENERATOR,HIGH,0.92
2023-06-09,lolegaon,30.6,30.7,33.1,27.8,16.9,34.8,78.3,45.1,39.8,SYNTHETIC_GENERATOR,HIGH,0.92
2023-06-09,rishop,33.5,28.1,39.2,27.9,14.4,39.8,78.4,46.1,39.5,SYNTHETIC_GENERATOR,HIGH,0.92
2023-06-09,mirik,55.0,49.7,61.6,51.9,16.8,39.6,86.7,66.9,54.9,SYNTHETIC_GENERATOR,HIGH,0.92
2023-06-10,darjeeling,100.0,97.3,96.5,87.2,17.1,32.6,76.3,100.0,80.0,SYNTHETIC_GENERATOR,HIGH,0.92
2023-06-10,kalimpong,70.2,66.5,74.9,63.7,14.6,31.0,84.2,85.9,62.9,SYNTHETIC_GENERATOR,HIGH,0.92
2023-06-10,lava,43.7,38.4,50.2,37.3,15.1,31.0,79.3,50.6,44.5,SYNTHETIC_GENERATOR,HIGH,0.92
2023-06-10,lolegaon,38.1,38.8,45.4,33.1,14.2,32.9,79.6,46.8,42.6,SYNTHETIC_GENERATOR,HIGH,0.92
2023-06-10,rishop,35.5,33.8,38.0,26.7,8.1,25.6,77.8,48.8,38.8,SYNTHETIC_GENERATOR,HIGH,0.92
2023-06-10,mirik,62.6,60.0,63.6,58.3,11.9,25.0,80.2,74.2,55.8,SYNTHETIC_GENERATOR,HIGH,0.92
2023-06-11,darjeeling,96.3,87.2,98.2,85.2,14.4,31.1,83.3,100.0,82.4,SYNTHETIC_GENERATOR,HIGH,0.92
2023-06-11,kalimpong,72.2,65.6,78.1,60.3,17.6,33.1,87.7,86.9,66.7,SYNTHETIC_GENERATOR,HIGH,0.92
2023-06-11,lava,40.4,34.8,47.1,34.4,13.5,38.1,83.6,51.1,43.6,SYNTHETIC_GENERATOR,HIGH,0.92
2023-06-11,lolegaon,33.3,32.0,41.1,31.8,7.0,28.5,84.7,44.4,36.4,SYNTHETIC_GENERATOR,HIGH,0.92
2023-06-11,rishop,35.1,29.7,37.7,27.7,16.2,27.8,81.9,47.3,37.6,SYNTHETIC_GENERATOR,HIGH,0.92
2023-06-11,mirik,55.2,49.3,57.9,49.7,5.9,26.1,78.9,70.7,50.7,SYNTHETIC_GENERATOR,HIGH,0.92
2023-06-12,darjeeling,87.0,78.6,80.3,78.8,8.5,11.0,80.5,85.1,69.3,SYNTHETIC_GENERATOR,HIGH,0.92
2023-06-12,kalimpong,60.4,53.1,53.6,49.0,3.1,11.3,76.2,60.5,44.8,SYNTHETIC_GENERATOR,HIGH,0.92
2023-06-12,lava,35.6,30.3,34.6,29.7,7.7,7.0,81.8,31.9,31.2,SYNTHETIC_GENERATOR,HIGH,0.92
2023-06-12,lolegaon,28.5,24.0,22.7,27.0,7.0,6.2,85.9,23.0,27.8,SYNTHETIC_GENERATOR,HIGH,0.92
2023-06-12,rishop,25.6,24.2,26.2,18.9,9.3,5.2,81.1,20.6,25.1,SYNTHETIC_GENERATOR,HIGH,0.92
2023-06-12,mirik,51.3,47.3,50.3,48.4,2.9,6.7,77.3,43.9,41.1,SYNTHETIC_GENERATOR,HIGH,0.92
2023-06-13,darjeeling,86.9,80.5,80.9,72.7,9.4,14.2,86.7,89.7,70.2,SYNTHETIC_GENERATOR,HIGH,0.92
2023-06-13,kalimpong,60.1,57.9,52.5,54.6,4.4,13.2,80.2,53.3,51.2,SYNTHETIC_GENERATOR,HIGH,0.92
2023-06-13,lava,35.3,34.5,35.9,34.2,7.7,5.8,76.0,34.7,35.3,SYNTHETIC_GENERATOR,HIGH,0.92
2023-06-13,lolegaon,28.4,25.8,27.9,27.8,5.8,5.7,82.9,29.8,31.6,SYNTHETIC_GENERATOR,HIGH,0.92
2023-06-13,rishop,25.4,20.6,27.3,19.2,5.1,8.2,81.1,24.8,22.7,SYNTHETIC_GENERATOR,HIGH,0.92
2023-06-13,mirik,47.4,47.0,44.8,39.2,5.3,10.0,82.4,44.2,43.2,SYNTHETIC_GENERATOR,HIGH,0.92
2023-06-14,darjeeling,85.9,79.8,79.7,74.8,6.6,11.9,85.0,89.6,68.1,SYNTHETIC_GENERATOR,HIGH,0.92
2023-06-14,kalimpong,62.9,55.3,58.3,59.9,9.4,5.6,80.2,61.6,51.4,SYNTHETIC_GENERATOR,HIGH,0.92
2023-06-14,lava,35.0,35.5,30.6,27.2,8.8,14.7,87.0,28.9,33.6,SYNTHETIC_GENERATOR,HIGH,0.92
2023-06-14,lolegaon,27.2,29.3,26.7,22.7,2.2,14.6,80.5,26.9,27.9,SYNTHETIC_GENERATOR,HIGH,0.92
2023-06-14,rishop,28.1,23.0,28.6,28.4,2.2,8.7,76.9,21.8,23.2,SYNTHETIC_GENERATOR,HIGH,0.92
2023-06-14,mirik,46.1,40.8,44.4,43.0,7.6,8.0,80.9,41.6,38.2,SYNTHETIC_GENERATOR,HIGH,0.92
2023-06-15,darjeeling,85.7,82.1,77.1,72.0,9.0,5.3,85.0,87.8,71.2,SYNTHETIC_GENERATOR,HIGH,0.92
2023-06-15,kalimpong,60.7,60.1,56.3,56.7,9.4,10.0,84.5,56.4,51.4,SYNTHETIC_GENERATOR,HIGH,0.92
2023-06-15,lava,30.0,32.0,27.8,31.2,3.0,7.1,83.4,25.1,31.2,SYNTHETIC_GENERATOR,HIGH,0.92
2023-06-15,lolegaon,30.1,31.0,30.2,26.2,4.5,11.4,85.9,24.7,33.5,SYNTHETIC_GENERATOR,HIGH,0.92
2023-06-15,rishop,29.1,28.5,24.3,21.7,2.6,11.0,86.2,22.1,27.2,SYNTHETIC_GENERATOR,HIGH,0.92
2023-06-15,mirik,45.6,43.6,44.0,38.2,6.4,11.4,76.4,40.6,42.0,SYNTHETIC_GENERATOR,HIGH,0.92
2023-06-16,darjeeling,86.7,82.0,88.3,79.2,5.6,29.7,87.3,100.0,72.6,SYNTHETIC_GENERATOR,HIGH,0.92
2023-06-16,kalimpong,59.1,53.1,64.4,54.3,17.7,35.5,77.2,72.9,57.3,SYNTHETIC_GENERATOR,HIGH,0.92
2023-06-16,lava,34.5,29.2,42.2,26.9,12.6,30.7,83.0,49.2,38.3,SYNTHETIC_GENERATOR,HIGH,0.92
2023-06-16,lolegaon,29.6,30.9,32.0,28.2,16.5,37.1,83.9,44.9,38.4,SYNTHETIC_GENERATOR,HIGH,0.92
2023-06-16,rishop,25.1,27.3,31.2,24.4,13.5,39.0,80.1,40.6,33.2,SYNTHETIC_GENERATOR,HIGH,0.92
2023-06-16,mirik,51.7,48.0,58.7,48.2,10.0,28.1,83.3,61.2,51.7,SYNTHETIC_GENERATOR,HIGH,0.92
2023-06-17,darjeeling,90.0,85.6,90.8,82.2,6.9,38.1,82.6,100.0,76.1,SYNTHETIC_GENERATOR,HIGH,0.92
2023-06-17,kalimpong,64.0,58.7,70.4,52.9,8.6,30.4,77.1,75.2,56.2,SYNTHETIC_GENERATOR,HIGH,0.92
2023-06-17,lava,38.7,34.4,43.4,31.6,16.4,34.8,77.7,46.4,39.9,SYNTHETIC_GENERATOR,HIGH,0.92
2023-06-17,lolegaon,35.9,33.0,43.9,35.8,6.7,30.5,86.1,51.0,40.2,SYNTHETIC_GENERATOR,HIGH,0.92
2023-06-17,rishop,30.1,29.8,35.7,24.1,16.4,35.2,83.4,43.0,36.6,SYNTHETIC_GENERATOR,HIGH,0.92
2023-06-17,mirik,57.4,50.0,63.6,48.4,7.1,31.0,76.9,68.3,50.6,SYNTHETIC_GENERATOR,HIGH,0.92
2023-06-18,darjeeling,87.6,79.1,88.3,78.5,16.7,32.0,77.0,100.0,78.0,SYNTHETIC_GENERATOR,HIGH,0.92
2023-06-18,kalimpong,65.2,58.9,66.6,55.5,18.0,32.3,84.4,78.6,56.9,SYNTHETIC_GENERATOR,HIGH,0.92
2023-06-18,lava,33.2,27.5,35.8,28.9,13.3,29.8,76.4,46.2,32.5,SYNTHETIC_GENERATOR,HIGH,0.92
2023-06-18,lolegaon,30.7,28.3,36.0,22.6,16.3,39.3,84.2,41.7,40.3,SYNTHETIC_GENERATOR,HIGH,0.92
2023-06-18,rishop,30.2,25.1,32.3,25.6,8.9,35.7,86.5,42.2,34.3,SYNTHETIC_GENERATOR,HIGH,0.92
2023-06-18,mirik,54.5,48.0,61.4,46.4,14.8,27.5,80.2,66.2,49.9,SYNTHETIC_GENERATOR,HIGH,0.92
2023-06-19,darjeeling,74.2,71.3,65.5,67.3,4.8,11.9,80.7,72.9,59.7,SYNTHETIC_GENERATOR,HIGH,0.92
2023-06-19,kalimpong,49.8,48.2,46.7,42.1,9.9,14.4,84.9,49.7,41.4,SYNTHETIC_GENERATOR,HIGH,0.92
2023-06-19,lava,27.5,23.1,25.0,20.7,8.9,6.1,87.6,24.7,27.2,SYNTHETIC_GENERATOR,HIGH,0.92
2023-06-19,lolegaon,26.1,27.2,21.0,22.5,9.8,6.0,78.6,28.3,27.1,SYNTHETIC_GENERATOR,HIGH,0.92
2023-06-19,rishop,23.4,22.4,18.9,19.4,4.8,14.5,87.7,22.4,29.7,SYNTHETIC_GENERATOR,HIGH,0.92
2023-06-19,mirik,39.8,40.6,36.6,38.7,7.6,11.5,81.5,37.1,37.4,SYNTHETIC_GENERATOR,HIGH,0.92
2023-06-20,darjeeling,73.4,69.3,67.7,67.2,2.9,6.8,81.1,73.5,56.1,SYNTHETIC_GENERATOR,HIGH,0.92
2023-06-20,kalimpong,52.0,51.6,49.3,45.1,4.3,11.2,87.1,52.5,44.0,SYNTHETIC_GENERATOR,HIGH,0.92
2023-06-20,lava,32.3,32.8,26.5,29.9,6.9,9.1,82.0,31.0,32.1,SYNTHETIC_GENERATOR,HIGH,0.92
2023-06-20,lolegaon,26.0,25.1,20.2,20.8,5.4,7.2,81.5,23.4,25.2,SYNTHETIC_GENERATOR,HIGH,0.92
2023-06-20,rishop,21.9,20.3,17.1,23.9,9.3,9.1,85.8,22.4,25.0,SYNTHETIC_GENERATOR,HIGH,0.92
2023-06-20,mirik,42.3,37.6,37.2,41.0,4.1,13.4,85.5,39.1,37.6,SYNTHETIC_GENERATOR,HIGH,0.92
2023-06-21,darjeeling,72.6,71.4,66.1,59.0,3.2,8.7,85.8,77.9,57.3,SYNTHETIC_GENERATOR,HIGH,0.92
2023-06-21,kalimpong,56.0,56.6,49.5,54.0,3.5,11.4,85.9,55.5,47.0,SYNTHETIC_GENERATOR,HIGH,0.92
2023-06-21,lava,29.3,24.6,28.0,30.6,3.4,14.0,82.2,26.3,32.5,SYNTHETIC_GENERATOR,HIGH,0.92
2023-06-21,lolegaon,26.4,25.9,26.6,26.7,7.0,7.6,82.6,28.2,30.8,SYNTHETIC_GENERATOR,HIGH,0.92
2023-06-21,rishop,21.9,17.3,19.6,20.6,6.7,5.3,84.5,24.1,26.0,SYNTHETIC_GENERATOR,HIGH,0.92
2023-06-21,mirik,44.9,39.3,40.9,40.8,4.9,7.4,86.8,40.3,39.8,SYNTHETIC_GENERATOR,HIGH,0.92
2023-06-22,darjeeling,74.6,68.1,70.9,68.5,8.2,11.6,79.3,80.7,58.7,SYNTHETIC_GENERATOR,HIGH,0.92
2023-06-22,kalimpong,53.4,47.0,48.8,48.0,2.9,7.8,86.7,47.6,41.8,SYNTHETIC_GENERATOR,HIGH,0.92
2023-06-22,lava,28.8,26.0,29.2,24.3,5.9,5.2,76.9,30.1,31.3,SYNTHETIC_GENERATOR,HIGH,0.92
2023-06-22,lolegaon,25.5,22.5,26.7,25.5,3.4,5.1,78.1,24.5,27.6,SYNTHETIC_GENERATOR,HIGH,0.92
2023-06-22,rishop,24.7,19.5,26.5,26.7,5.9,11.1,82.6,20.0,26.0,SYNTHETIC_GENERATOR,HIGH,0.92
2023-06-22,mirik,41.0,34.8,33.9,36.2,3.2,13.7,77.4,36.5,30.0,SYNTHETIC_GENERATOR,HIGH,0.92
2023-06-23,darjeeling,82.2,75.0,85.4,76.7,8.5,32.2,87.4,100.0,70.1,SYNTHETIC_GENERATOR,HIGH,0.92
2023-06-23,kalimpong,61.5,57.8,64.7,53.1,7.5,27.6,84.2,78.8,56.1,SYNTHETIC_GENERATOR,HIGH,0.92
2023-06-23,lava,31.3,28.6,37.5,30.2,9.1,36.9,87.4,43.9,39.3,SYNTHETIC_GENERATOR,HIGH,0.92
2023-06-23,lolegaon,31.6,32.2,38.1,28.9,10.6,33.5,80.5,45.3,35.9,SYNTHETIC_GENERATOR,HIGH,0.92
2023-06-23,rishop,24.4,20.3,26.7,21.6,12.6,29.4,85.9,39.0,33.5,SYNTHETIC_GENERATOR,HIGH,0.92
2023-06-23,mirik,45.9,40.6,48.8,43.3,9.7,26.1,83.9,58.9,45.0,SYNTHETIC_GENERATOR,HIGH,0.92
2023-06-24,darjeeling,94.4,85.7,93.4,78.2,9.3,32.0,85.5,100.0,74.5,SYNTHETIC_GENERATOR,HIGH,0.92
2023-06-24,kalimpong,67.5,63.7,66.9,57.2,12.9,38.3,86.3,77.3,60.0,SYNTHETIC_GENERATOR,HIGH,0.92
2023-06-24,lava,39.5,36.5,46.4,32.9,9.2,28.0,85.6,50.0,43.7,SYNTHETIC_GENERATOR,HIGH,0.92
2023-06-24,lolegaon,30.8,26.3,35.0,25.9,12.5,29.3,83.7,46.5,35.8,SYNTHETIC_GENERATOR,HIGH,0.92
2023-06-24,rishop,34.4,35.6,37.9,33.7,10.2,38.4,87.0,41.3,38.8,SYNTHETIC_GENERATOR,HIGH,0.92
2023-06-24,mirik,52.4,51.7,58.0,43.9,14.8,31.0,82.7,63.7,50.5,SYNTHETIC_GENERATOR,HIGH,0.92
2023-06-25,darjeeling,88.7,82.5,91.2,77.6,16.0,39.5,77.5,100.0,75.0,SYNTHETIC_GENERATOR,HIGH,0.92
2023-06-25,kalimpong,60.1,52.6,60.1,51.1,13.9,31.5,78.0,72.0,53.8,SYNTHETIC_GENERATOR,HIGH,0.92
2023-06-25,lava,37.6,34.3,45.8,38.0,17.1,38.0,79.1,50.9,46.6,SYNTHETIC_GENERATOR,HIGH,0.92
2023-06-25,lolegaon,28.7,25.6,35.3,28.4,8.5,27.6,77.7,41.8,37.4,SYNTHETIC_GENERATOR,HIGH,0.92
2023-06-25,rishop,26.6,27.9,34.5,27.3,17.6,31.2,81.4,36.4,31.7,SYNTHETIC_GENERATOR,HIGH,0.92
2023-06-25,mirik,53.3,53.9,55.6,49.2,7.9,29.0,79.6,62.6,49.9,SYNTHETIC_GENERATOR,HIGH,0.92
2023-06-26,darjeeling,74.8,73.3,70.1,68.2,3.6,5.8,87.7,73.9,61.9,SYNTHETIC_GENERATOR,HIGH,0.92
2023-06-26,kalimpong,55.0,49.2,47.4,45.5,6.7,10.3,86.3,54.3,45.9,SYNTHETIC_GENERATOR,HIGH,0.92
2023-06-26,lava,27.5,25.5,22.5,24.2,9.3,7.2,80.4,29.3,29.6,SYNTHETIC_GENERATOR,HIGH,0.92
2023-06-26,lolegaon,28.4,24.2,24.4,21.6,4.5,13.7,83.8,23.3,25.5,SYNTHETIC_GENERATOR,HIGH,0.92
2023-06-26,rishop,26.6,27.0,22.4,27.3,3.5,5.3,83.9,23.7,26.5,SYNTHETIC_GENERATOR,HIGH,0.92
2023-06-26,mirik,40.3,37.3,34.3,35.5,6.1,5.5,79.3,35.0,39.7,SYNTHETIC_GENERATOR,HIGH,0.92
2023-06-27,darjeeling,75.4,72.7,68.7,64.3,5.2,10.9,82.4,78.0,57.5,SYNTHETIC_GENERATOR,HIGH,0.92
2023-06-27,kalimpong,53.8,54.2,47.3,42.9,2.3,7.7,76.8,48.0,44.8,SYNTHETIC_GENERATOR,HIGH,0.92
2023-06-27,lava,26.9,26.2,26.5,22.6,2.8,12.3,86.6,23.2,28.9,SYNTHETIC_GENERATOR,HIGH,0.92
2023-06-27,lolegaon,25.3,22.1,24.0,24.6,2.8,10.0,84.4,23.7,30.2,SYNTHETIC_GENERATOR,HIGH,0.92
2023-06-27,rishop,22.6,24.5,18.7,18.0,2.6,6.9,86.8,18.4,26.5,SYNTHETIC_GENERATOR,HIGH,0.92
2023-06-27,mirik,42.0,36.9,36.8,32.7,7.4,13.5,83.1,43.3,37.7,SYNTHETIC_GENERATOR,HIGH,0.92
2023-06-28,darjeeling,75.0,70.4,67.0,62.1,8.6,10.7,87.9,80.3,59.5,SYNTHETIC_GENERATOR,HIGH,0.92
2023-06-28,kalimpong,50.3,44.0,44.7,46.6,5.6,12.3,87.9,46.3,42.8,SYNTHETIC_GENERATOR,HIGH,0.92
2023-06-28,lava,28.7,25.9,22.5,23.8,7.7,13.9,85.3,29.2,31.4,SYNTHETIC_GENERATOR,HIGH,0.92
2023-06-28,lolegaon,23.7,23.8,23.6,16.1,9.8,13.6,83.9,19.8,24.3,SYNTHETIC_GENERATOR,HIGH,0.92
2023-06-28,rishop,24.0,20.5,24.0,25.9,4.9,12.4,78.3,25.9,22.6,SYNTHETIC_GENERATOR,HIGH,0.92
2023-06-28,mirik,45.8,44.5,45.3,39.8,9.7,10.3,79.2,44.1,36.5,SYNTHETIC_GENERATOR,HIGH,0.92
2023-06-29,darjeeling,77.1,71.6,70.3,72.8,4.5,5.4,82.2,78.4,59.3,SYNTHETIC_GENERATOR,HIGH,0.92
2023-06-29,kalimpong,52.5,53.1,50.6,44.1,9.8,10.0,84.2,49.8,44.2,SYNTHETIC_GENERATOR,HIGH,0.92
2023-06-29,lava,26.4,28.5,25.3,24.9,4.4,7.9,85.6,20.8,29.2,SYNTHETIC_GENERATOR,HIGH,0.92
2023-06-29,lolegaon,27.1,21.9,23.4,23.2,7.3,5.0,79.0,24.0,26.4,SYNTHETIC_GENERATOR,HIGH,0.92
2023-06-29,rishop,22.5,24.0,22.0,22.5,3.2,5.9,79.2,25.1,26.1,SYNTHETIC_GENERATOR,HIGH,0.92
2023-06-29,mirik,40.3,35.6,36.9,34.0,8.5,11.4,81.1,41.9,39.5,SYNTHETIC_GENERATOR,HIGH,0.92
2023-06-30,darjeeling,80.6,73.9,80.6,69.0,12.3,35.2,79.9,100.0,69.3,SYNTHETIC_GENERATOR,HIGH,0.92
2023-06-30,kalimpong,57.2,54.2,59.0,46.2,12.4,34.4,82.5,71.1,52.4,SYNTHETIC_GENERATOR,HIGH,0.92
2023-06-30,lava,35.4,32.8,37.7,30.6,9.1,39.0,84.6,46.8,37.2,SYNTHETIC_GENERATOR,HIGH,0.92
2023-06-30,lolegaon,29.3,23.8,35.4,30.4,10.5,36.3,83.4,41.0,36.5,SYNTHETIC_GENERATOR,HIGH,0.92
2023-06-30,rishop,25.7,24.3,28.7,23.0,12.4,29.4,85.1,37.9,32.3,SYNTHETIC_GENERATOR,HIGH,0.92
2023-06-30,mirik,51.4,51.3,55.0,40.8,5.7,37.4,83.8,63.0,50.0,SYNTHETIC_GENERATOR,HIGH,0.92
2023-07-01,darjeeling,49.3,44.7,53.2,41.7,5.8,36.1,40.1,75.5,47.2,SYNTHETIC_GENERATOR,HIGH,0.92
2023-07-01,kalimpong,35.7,35.5,40.8,28.7,13.8,37.8,35.6,52.5,36.8,SYNTHETIC_GENERATOR,HIGH,0.92
2023-07-01,lava,24.6,19.2,30.5,23.5,6.5,25.0,39.2,36.0,27.2,SYNTHETIC_GENERATOR,HIGH,0.92
2023-07-01,lolegaon,18.9,20.4,24.9,12.2,6.6,31.1,43.8,37.5,25.5,SYNTHETIC_GENERATOR,HIGH,0.92
2023-07-01,rishop,20.4,19.5,29.3,19.8,16.2,34.3,37.2,36.1,28.2,SYNTHETIC_GENERATOR,HIGH,0.92
2023-07-01,mirik,32.9,28.3,40.2,29.4,11.2,29.4,40.0,53.2,37.9,SYNTHETIC_GENERATOR,HIGH,0.92
2023-07-02,darjeeling,47.6,46.1,50.9,43.9,6.4,31.3,37.1,68.2,41.1,SYNTHETIC_GENERATOR,HIGH,0.92
2023-07-02,kalimpong,31.3,27.8,38.0,31.5,13.1,25.6,42.9,54.0,34.7,SYNTHETIC_GENERATOR,HIGH,0.92
2023-07-02,lava,19.0,19.6,23.7,21.5,9.7,37.8,38.0,33.8,24.5,SYNTHETIC_GENERATOR,HIGH,0.92
2023-07-02,lolegaon,14.3,14.7,20.0,14.8,9.4,35.7,41.4,29.7,19.8,SYNTHETIC_GENERATOR,HIGH,0.92
2023-07-02,rishop,18.1,15.4,23.8,20.1,13.4,30.6,37.7,34.6,19.5,SYNTHETIC_GENERATOR,HIGH,0.92
2023-07-02,mirik,30.7,29.1,33.3,25.3,17.4,30.2,39.4,46.9,29.9,SYNTHETIC_GENERATOR,HIGH,0.92
2023-07-03,darjeeling,30.9,31.9,25.7,23.2,2.8,14.3,37.7,38.0,30.7,SYNTHETIC_GENERATOR,HIGH,0.92
2023-07-03,kalimpong,25.8,22.1,26.9,19.4,9.1,12.6,37.0,24.2,22.2,SYNTHETIC_GENERATOR,HIGH,0.92
2023-07-03,lava,14.0,10.1,15.7,8.0,8.1,11.1,42.1,18.9,14.3,SYNTHETIC_GENERATOR,HIGH,0.92
2023-07-03,lolegaon,11.2,14.4,10.9,6.9,4.0,9.4,35.4,11.1,15.8,SYNTHETIC_GENERATOR,HIGH,0.92
2023-07-03,rishop,8.6,10.6,10.4,4.5,6.7,11.3,40.0,8.9,13.7,SYNTHETIC_GENERATOR,HIGH,0.92
2023-07-03,mirik,18.8,16.9,17.7,12.3,3.5,12.3,42.9,22.0,14.1,SYNTHETIC_GENERATOR,HIGH,0.92
2023-07-04,darjeeling,34.1,34.7,31.9,29.7,4.8,11.2,38.7,36.1,31.1,SYNTHETIC_GENERATOR,HIGH,0.92
2023-07-04,kalimpong,23.3,18.5,18.1,23.3,4.4,6.2,34.8,26.4,20.8,SYNTHETIC_GENERATOR,HIGH,0.92
2023-07-04,lava,12.0,9.1,14.6,14.8,4.0,12.0,32.8,17.0,15.1,SYNTHETIC_GENERATOR,HIGH,0.92
2023-07-04,lolegaon,12.6,14.7,15.0,11.1,5.2,5.6,40.4,11.4,14.1,SYNTHETIC_GENERATOR,HIGH,0.92
2023-07-04,rishop,10.8,13.5,8.0,4.8,4.7,7.6,36.0,14.9,14.2,SYNTHETIC_GENERATOR,HIGH,0.92
2023-07-04,mirik,21.4,23.5,21.0,22.6,3.9,5.7,43.4,26.2,23.5,SYNTHETIC_GENERATOR,HIGH,0.92
2023-07-05,darjeeling,35.5,35.5,28.9,36.1,9.6,11.0,39.3,36.9,25.1,SYNTHETIC_GENERATOR,HIGH,0.92
2023-07-05,kalimpong,22.6,17.6,17.1,20.0,7.2,9.3,35.6,27.8,18.3,SYNTHETIC_GENERATOR,HIGH,0.92
2023-07-05,lava,16.5,11.7,11.6,17.3,8.5,10.3,42.3,18.8,16.4,SYNTHETIC_GENERATOR,HIGH,0.92
2023-07-05,lolegaon,9.0,10.6,9.8,7.2,5.4,6.4,37.3,15.0,9.5,SYNTHETIC_GENERATOR,HIGH,0.92
2023-07-05,rishop,14.4,12.5,10.8,12.0,2.5,7.3,39.1,13.2,13.7,SYNTHETIC_GENERATOR,HIGH,0.92
2023-07-05,mirik,21.9,21.1,24.1,14.4,7.8,13.1,32.9,20.4,15.3,SYNTHETIC_GENERATOR,HIGH,0.92
2023-07-06,darjeeling,31.9,26.3,28.1,29.6,4.0,7.9,39.3,36.7,27.2,SYNTHETIC_GENERATOR,HIGH,0.92
2023-07-06,kalimpong,22.5,21.5,20.7,22.2,4.9,14.2,34.6,26.6,21.9,SYNTHETIC_GENERATOR,HIGH,0.92
2023-07-06,lava,16.3,17.6,13.3,15.9,6.2,7.7,40.4,17.3,21.2,SYNTHETIC_GENERATOR,HIGH,0.92
2023-07-06,lolegaon,13.5,13.7,10.7,8.9,3.1,14.8,34.8,17.1,16.0,SYNTHETIC_GENERATOR,HIGH,0.92
2023-07-06,rishop,9.0,7.4,10.8,4.3,9.8,12.0,39.8,11.2,14.3,SYNTHETIC_GENERATOR,HIGH,0.92
2023-07-06,mirik,16.5,13.7,14.3,17.8,2.7,7.8,39.3,19.0,18.0,SYNTHETIC_GENERATOR,HIGH,0.92
2023-07-07,darjeeling,45.6,41.9,46.3,37.2,7.4,31.5,32.6,68.5,39.2,SYNTHETIC_GENERATOR,HIGH,0.92
2023-07-07,kalimpong,27.9,27.1,36.8,28.8,16.8,37.2,39.1,49.5,32.9,SYNTHETIC_GENERATOR,HIGH,0.92
2023-07-07,lava,16.1,17.8,22.3,13.4,14.5,36.0,32.7,29.7,19.9,SYNTHETIC_GENERATOR,HIGH,0.92
2023-07-07,lolegaon,16.8,18.7,27.0,14.4,12.4,33.5,38.2,30.6,26.1,SYNTHETIC_GENERATOR,HIGH,0.92
2023-07-07,rishop,13.7,14.8,24.0,8.4,5.2,37.0,43.4,26.9,21.3,SYNTHETIC_GENERATOR,HIGH,0.92
2023-07-07,mirik,24.7,22.4,31.6,20.4,13.6,36.7,41.7,43.7,32.4,SYNTHETIC_GENERATOR,HIGH,0.92
2023-07-08,darjeeling,49.5,47.1,52.1,41.2,7.3,31.9,37.3,73.5,47.6,SYNTHETIC_GENERATOR,HIGH,0.92
2023-07-08,kalimpong,40.6,35.9,41.8,40.1,8.6,34.2,35.8,54.6,37.3,SYNTHETIC_GENERATOR,HIGH,0.92
2023-07-08,lava,19.0,20.0,23.7,20.4,6.7,34.5,33.8,35.9,25.4,SYNTHETIC_GENERATOR,HIGH,0.92
2023-07-08,lolegaon,15.9,16.4,25.5,14.8,5.5,35.8,32.7,34.4,23.0,SYNTHETIC_GENERATOR,HIGH,0.92
2023-07-08,rishop,16.3,13.4,24.4,17.9,9.6,35.8,39.2,30.8,25.1,SYNTHETIC_GENERATOR,HIGH,0.92
2023-07-08,mirik,31.9,27.9,36.0,26.8,15.7,31.2,39.7,51.7,34.6,SYNTHETIC_GENERATOR,HIGH,0.92
2023-07-09,darjeeling,45.1,41.0,51.8,38.0,10.3,34.8,37.6,73.4,42.8,SYNTHETIC_GENERATOR,HIGH,0.92
2023-07-09,kalimpong,31.5,33.1,40.3,23.0,12.9,37.1,38.1,52.7,33.8,SYNTHETIC_GENERATOR,HIGH,0.92
2023-07-09,lava,19.3,18.8,24.5,14.1,15.8,25.5,40.7,34.2,25.0,SYNTHETIC_GENERATOR,HIGH,0.92
2023-07-09,lolegaon,14.4,17.0,19.0,12.7,12.5,33.2,37.0,33.4,22.1,SYNTHETIC_GENERATOR,HIGH,0.92
2023-07-09,rishop,18.7,17.8,21.6,16.2,11.8,31.6,35.2,36.4,23.2,SYNTHETIC_GENERATOR,HIGH,0.92
2023-07-09,mirik,27.0,27.5,31.7,23.3,14.7,26.7,34.9,46.6,31.5,SYNTHETIC_GENERATOR,HIGH,0.92
2023-07-10,darjeeling,36.8,33.5,32.7,32.4,9.3,11.5,39.3,41.1,28.4,SYNTHETIC_GENERATOR,HIGH,0.92
2023-07-10,kalimpong,26.5,21.9,24.7,26.1,5.3,10.8,33.7,26.3,23.9,SYNTHETIC_GENERATOR,HIGH,0.92
2023-07-10,lava,11.7,9.5,7.4,9.5,9.9,10.8,39.6,16.0,17.3,SYNTHETIC_GENERATOR,HIGH,0.92
2023-07-10,lolegaon,8.7,5.1,6.1,8.2,9.4,12.4,33.5,7.9,7.9,SYNTHETIC_GENERATOR,HIGH,0.92
2023-07-10,rishop,10.5,11.4,13.6,5.6,8.9,14.2,42.9,11.4,11.9,SYNTHETIC_GENERATOR,HIGH,0.92
2023-07-10,mirik,21.3,17.0,22.8,22.7,6.7,11.2,43.9,19.3,22.1,SYNTHETIC_GENERATOR,HIGH,0.92
2023-07-11,darjeeling,35.8,32.5,32.5,30.6,5.6,13.3,35.5,40.4,30.6,SYNTHETIC_GENERATOR,HIGH,0.92
2023-07-11,kalimpong,26.1,27.9,27.5,18.8,9.2,10.9,36.4,29.1,25.2,SYNTHETIC_GENERATOR,HIGH,0.92
2023-07-11,lava,12.4,11.2,11.5,11.8,9.6,6.0,35.6,13.1,9.2,SYNTHETIC_GENERATOR,HIGH,0.92
2023-07-11,lolegaon,12.7,14.7,11.1,9.4,4.5,6.8,33.7,17.1,11.9,SYNTHETIC_GENERATOR,HIGH,0.92
2023-07-11,rishop,12.6,15.8,9.3,11.3,6.6,11.2,33.2,12.4,15.0,SYNTHETIC_GENERATOR,HIGH,0.92
2023-07-11,mirik,19.4,21.3,16.2,21.2,9.9,12.5,43.1,22.7,21.8,SYNTHETIC_GENERATOR,HIGH,0.92
2023-07-12,darjeeling,31.6,27.4,31.8,30.4,2.2,14.0,43.5,36.9,28.2,SYNTHETIC_GENERATOR,HIGH,0.92
2023-07-12,kalimpong,26.5,21.1,22.0,27.7,6.6,12.3,38.3,30.9,23.3,SYNTHETIC_GENERATOR,HIGH,0.92
2023-07-12,lava,11.8,8.0,12.5,13.8,5.6,9.3,35.2,16.8,17.3,SYNTHETIC_GENERATOR,HIGH,0.92
2023-07-12,lolegaon,9.4,7.7,5.3,11.2,7.8,8.3,38.1,10.4,11.3,SYNTHETIC_GENERATOR,HIGH,0.92
2023-07-12,rishop,11.9,11.3,13.2,12.5,4.5,14.2,37.2,17.1,15.4,SYNTHETIC_GENERATOR,HIGH,0.92
2023-07-12,mirik,22.2,22.2,23.4,14.9,7.1,5.1,33.6,22.6,17.8,SYNTHETIC_GENERATOR,HIGH,0.92
2023-07-13,darjeeling,37.2,36.4,32.3,29.3,8.5,12.3,35.4,39.5,34.2,SYNTHETIC_GENERATOR,HIGH,0.92
2023-07-13,kalimpong,26.7,27.1,20.6,19.2,6.5,7.1,34.1,27.8,18.2,SYNTHETIC_GENERATOR,HIGH,0.92
2023-07-13,lava,11.5,9.9,11.3,11.5,5.9,11.6,34.2,12.1,13.2,SYNTHETIC_GENERATOR,HIGH,0.92
2023-07-13,lolegaon,12.0,13.7,10.2,9.1,5.8,6.0,33.3,17.1,15.2,SYNTHETIC_GENERATOR,HIGH,0.92
2023-07-13,rishop,12.8,10.3,15.5,9.5,7.3,6.2,37.6,12.8,16.3,SYNTHETIC_GENERATOR,HIGH,0.92
2023-07-13,mirik,21.2,22.1,19.4,21.7,5.9,9.1,34.8,21.1,21.9,SYNTHETIC_GENERATOR,HIGH,0.92
2023-07-14,darjeeling,43.2,43.7,50.0,33.6,15.0,28.9,35.8,67.0,39.8,SYNTHETIC_GENERATOR,HIGH,0.92
2023-07-14,kalimpong,34.1,30.2,41.2,28.4,15.6,29.6,36.9,53.2,35.6,SYNTHETIC_GENERATOR,HIGH,0.92
2023-07-14,lava,14.9,11.7,22.7,17.6,13.0,29.9,39.3,28.1,20.9,SYNTHETIC_GENERATOR,HIGH,0.92
2023-07-14,lolegaon,12.7,13.6,23.0,13.8,12.2,34.8,38.2,29.2,17.8,SYNTHETIC_GENERATOR,HIGH,0.92
2023-07-14,rishop,12.4,8.9,19.7,14.5,8.0,37.0,42.9,27.9,21.3,SYNTHETIC_GENERATOR,HIGH,0.92
2023-07-14,mirik,28.9,23.5,30.7,29.8,6.3,31.0,37.8,43.5,33.0,SYNTHETIC_GENERATOR,HIGH,0.92
2023-07-15,darjeeling,50.7,45.5,56.8,42.1,8.5,26.9,41.4,76.2,48.7,SYNTHETIC_GENERATOR,HIGH,0.92
2023-07-15,kalimpong,36.6,31.1,38.3,34.4,14.9,31.2,32.2,57.4,38.4,SYNTHETIC_GENERATOR,HIGH,0.92
2023-07-15,lava,21.9,17.8,30.0,22.2,7.5,34.1,35.7,35.7,25.3,SYNTHETIC_GENERATOR,HIGH,0.92
2023-07-15,lolegaon,17.5,14.1,22.2,17.0,11.1,29.4,33.1,37.6,22.7,SYNTHETIC_GENERATOR,HIGH,0.92
2023-07-15,rishop,18.4,17.2,28.2,16.5,8.2,25.3,38.0,32.7,21.3,SYNTHETIC_GENERATOR,HIGH,0.92
2023-07-15,mirik,29.1,25.1,38.6,24.6,8.0,30.5,38.8,47.6,33.2,SYNTHETIC_GENERATOR,HIGH,0.92
2023-07-16,darjeeling,46.4,46.1,54.5,36.8,7.2,38.0,37.9,68.8,46.3,SYNTHETIC_GENERATOR,HIGH,0.92
2023-07-16,kalimpong,34.5,34.2,40.3,27.7,15.0,28.8,35.7,51.7,37.2,SYNTHETIC_GENERATOR,HIGH,0.92
2023-07-16,lava,16.8,14.4,24.0,13.8,5.1,35.4,41.1,35.7,21.3,SYNTHETIC_GENERATOR,HIGH,0.92
2023-07-16,lolegaon,18.4,15.9,26.6,16.3,16.2,39.9,33.0,31.4,23.8,SYNTHETIC_GENERATOR,HIGH,0.92
2023-07-16,rishop,17.6,15.5,26.2,12.1,14.7,27.5,37.3,36.7,25.8,SYNTHETIC_GENERATOR,HIGH,0.92
2023-07-16,mirik,26.5,27.3,32.3,25.8,12.1,31.0,35.6,43.8,30.5,SYNTHETIC_GENERATOR,HIGH,0.92
2023-07-17,darjeeling,32.7,34.1,31.5,29.0,6.9,8.7,39.8,34.8,26.9,SYNTHETIC_GENERATOR,HIGH,0.92
2023-07-17,kalimpong,25.0,25.2,23.2,19.5,5.7,14.4,43.1,28.8,23.4,SYNTHETIC_GENERATOR,HIGH,0.92
2023-07-17,lava,15.7,11.8,14.6,17.1,2.1,9.2,33.8,13.3,16.4,SYNTHETIC_GENERATOR,HIGH,0.92
2023-07-17,lolegaon,9.9,10.9,9.4,7.0,2.5,9.7,33.9,11.3,11.3,SYNTHETIC_GENERATOR,HIGH,0.92
2023-07-17,rishop,11.4,8.5,11.5,14.3,4.2,13.2,42.4,13.9,13.1,SYNTHETIC_GENERATOR,HIGH,0.92
2023-07-17,mirik,19.1,16.0,17.9,18.4,2.6,6.5,40.8,19.4,20.6,SYNTHETIC_GENERATOR,HIGH,0.92
2023-07-18,darjeeling,32.4,27.3,32.2,29.4,8.1,8.3,41.3,38.1,27.5,SYNTHETIC_GENERATOR,HIGH,0.92
2023-07-18,kalimpong,26.8,26.5,24.4,20.3,8.3,14.9,33.1,30.9,27.9,SYNTHETIC_GENERATOR,HIGH,0.92
2023-07-18,lava,10.7,7.4,12.8,7.6,9.2,5.5,38.1,12.6,11.6,SYNTHETIC_GENERATOR,HIGH,0.92
2023-07-18,lolegaon,12.1,8.3,11.6,9.4,5.1,9.7,35.7,14.3,11.3,SYNTHETIC_GENERATOR,HIGH,0.92
2023-07-18,rishop,11.2,13.6,13.0,14.4,9.6,13.3,40.5,15.8,13.4,SYNTHETIC_GENERATOR,HIGH,0.92
2023-07-18,mirik,21.8,22.0,20.5,18.5,4.8,5.3,36.4,23.0,18.6,SYNTHETIC_GENERATOR,HIGH,0.92
2023-07-19,darjeeling,35.3,35.0,30.2,31.7,10.0,14.4,36.6,37.5,30.0,SYNTHETIC_GENERATOR,HIGH,0.92
2023-07-19,kalimpong,23.8,22.6,17.9,19.0,2.8,8.7,35.0,29.4,20.3,SYNTHETIC_GENERATOR,HIGH,0.92
2023-07-19,lava,13.9,9.3,11.0,12.0,2.4,12.0,35.0,16.5,17.8,SYNTHETIC_GENERATOR,HIGH,0.92
2023-07-19,lolegaon,14.6,17.1,17.4,14.2,5.9,9.7,42.5,18.0,16.6,SYNTHETIC_GENERATOR,HIGH,0.92
2023-07-19,rishop,13.2,8.7,8.4,15.6,3.2,12.4,42.5,11.6,9.9,SYNTHETIC_GENERATOR,HIGH,0.92
2023-07-19,mirik,16.7,16.8,11.9,10.7,6.4,14.8,34.3,20.1,18.5,SYNTHETIC_GENERATOR,HIGH,0.92
2023-07-20,darjeeling,30.7,31.6,31.0,25.2,7.7,14.1,39.0,39.3,23.3,SYNTHETIC_GENERATOR,HIGH,0.92
2023-07-20,kalimpong,23.5,24.8,23.0,16.3,8.6,10.0,40.7,22.4,21.1,SYNTHETIC_GENERATOR,HIGH,0.92
2023-07-20,lava,12.8,10.2,9.4,11.3,3.4,12.5,42.1,10.7,13.1,SYNTHETIC_GENERATOR,HIGH,0.92
2023-07-20,lolegaon,11.0,10.9,11.7,10.3,5.7,6.2,33.1,15.2,14.9,SYNTHETIC_GENERATOR,HIGH,0.92
2023-07-20,rishop,8.8,9.0,11.8,10.4,8.3,7.2,36.5,8.0,11.6,SYNTHETIC_GENERATOR,HIGH,0.92
2023-07-20,mirik,22.2,22.0,23.6,16.4,8.0,6.3,32.6,25.3,18.7,SYNTHETIC_GENERATOR,HIGH,0.92
2023-07-21,darjeeling,40.8,35.5,44.1,33.2,7.4,38.3,34.1,63.9,38.4,SYNTHETIC_GENERATOR,HIGH,0.92
2023-07-21,kalimpong,31.1,29.9,35.4,28.8,10.8,34.5,42.0,46.4,31.4,SYNTHETIC_GENERATOR,HIGH,0.92
2023-07-21,lava,19.5,17.4,26.2,14.3,14.1,30.2,41.7,37.7,26.1,SYNTHETIC_GENERATOR,HIGH,0.92
2023-07-21,lolegaon,15.6,17.3,24.7,9.6,15.1,28.9,37.6,28.7,25.4,SYNTHETIC_GENERATOR,HIGH,0.92
2023-07-21,rishop,11.8,12.4,16.3,6.8,12.6,30.6,36.5,29.5,22.5,SYNTHETIC_GENERATOR,HIGH,0.92
2023-07-21,mirik,26.7,28.1,28.6,22.7,9.4,34.7,33.2,47.8,30.4,SYNTHETIC_GENERATOR,HIGH,0.92
2023-07-22,darjeeling,50.7,47.4,52.1,39.8,15.5,31.8,38.9,74.4,42.9,SYNTHETIC_GENERATOR,HIGH,0.92
2023-07-22,kalimpong,36.5,33.3,40.3,33.9,8.9,39.6,42.5,56.8,40.0,SYNTHETIC_GENERATOR,HIGH,0.92
2023-07-22,lava,24.0,22.6,29.4,23.9,17.4,31.0,32.3,38.7,31.7,SYNTHETIC_GENERATOR,HIGH,0.92
2023-07-22,lolegaon,22.4,24.6,26.2,24.4,14.8,26.9,36.0,41.1,25.2,SYNTHETIC_GENERATOR,HIGH,0.92
2023-07-22,rishop,21.3,18.5,29.7,21.8,11.0,27.5,32.0,32.8,26.0,SYNTHETIC_GENERATOR,HIGH,0.92
2023-07-22,mirik,28.9,25.1,32.2,21.3,8.2,35.3,42.1,45.3,29.2,SYNTHETIC_GENERATOR,HIGH,0.92
2023-07-23,darjeeling,47.4,43.3,51.4,43.6,14.1,38.7,40.0,74.4,45.1,SYNTHETIC_GENERATOR,HIGH,0.92
2023-07-23,kalimpong,31.9,27.0,39.5,24.4,15.1,38.5,41.8,52.6,31.0,SYNTHETIC_GENERATOR,HIGH,0.92
2023-07-23,lava,18.7,16.7,21.8,16.3,14.6,33.8,34.7,35.6,24.1,SYNTHETIC_GENERATOR,HIGH,0.92
2023-07-23,lolegaon,16.2,17.8,23.8,16.8,16.9,34.7,33.7,30.4,21.3,SYNTHETIC_GENERATOR,HIGH,0.92
2023-07-23,rishop,14.2,12.8,19.8,14.0,10.5,29.3,36.6,33.1,26.4,SYNTHETIC_GENERATOR,HIGH,0.92
2023-07-23,mirik,28.3,23.9,35.5,28.2,11.0,26.2,40.2,42.6,31.3,SYNTHETIC_GENERATOR,HIGH,0.92
2023-07-24,darjeeling,36.6,36.8,29.8,30.4,6.6,8.8,37.5,41.2,32.1,SYNTHETIC_GENERATOR,HIGH,0.92
2023-07-24,kalimpong,26.1,23.0,22.1,24.3,6.8,13.0,37.4,26.9,22.3,SYNTHETIC_GENERATOR,HIGH,0.92
2023-07-24,lava,13.0,10.9,12.2,10.1,8.3,14.8,38.4,13.9,14.1,SYNTHETIC_GENERATOR,HIGH,0.92
2023-07-24,lolegaon,11.0,13.8,10.8,6.7,8.5,12.3,37.5,9.7,12.2,SYNTHETIC_GENERATOR,HIGH,0.92
2023-07-24,rishop,9.5,5.9,8.7,7.0,9.1,11.9,35.0,10.6,10.3,SYNTHETIC_GENERATOR,HIGH,0.92
2023-07-24,mirik,20.1,16.3,17.3,12.9,4.6,11.4,39.1,20.8,21.9,SYNTHETIC_GENERATOR,HIGH,0.92
2023-07-25,darjeeling,30.9,31.0,26.4,23.0,2.8,12.3,39.6,35.4,25.4,SYNTHETIC_GENERATOR,HIGH,0.92
2023-07-25,kalimpong,25.5,21.9,26.1,25.8,7.9,10.2,37.5,24.0,28.6,SYNTHETIC_GENERATOR,HIGH,0.92
2023-07-25,lava,12.3,8.7,15.1,12.2,9.1,8.8,43.8,10.9,17.7,SYNTHETIC_GENERATOR,HIGH,0.92
2023-07-25,lolegaon,11.6,7.1,14.3,7.8,7.2,13.8,42.0,13.2,12.4,SYNTHETIC_GENERATOR,HIGH,0.92
2023-07-25,rishop,8.3,5.3,5.7,5.3,6.1,13.5,34.9,13.4,9.1,SYNTHETIC_GENERATOR,HIGH,0.92
2023-07-25,mirik,21.6,19.8,21.8,21.8,4.2,11.7,39.3,26.4,22.9,SYNTHETIC_GENERATOR,HIGH,0.92
2023-07-26,darjeeling,35.3,31.4,31.7,26.3,5.3,6.3,35.2,40.9,30.1,SYNTHETIC_GENERATOR,HIGH,0.92
2023-07-26,kalimpong,22.2,17.0,19.0,15.2,4.3,12.1,41.9,25.4,19.6,SYNTHETIC_GENERATOR,HIGH,0.92
2023-07-26,lava,14.1,11.9,12.1,16.7,2.1,8.4,36.2,15.2,10.8,SYNTHETIC_GENERATOR,HIGH,0.92
2023-07-26,lolegaon,10.1,11.1,10.7,6.4,2.3,13.5,43.6,13.7,14.3,SYNTHETIC_GENERATOR,HIGH,0.92
2023-07-26,rishop,11.4,9.5,8.1,14.9,5.0,7.9,35.8,14.6,15.9,SYNTHETIC_GENERATOR,HIGH,0.92
2023-07-26,mirik,17.5,15.3,15.6,20.4,2.2,14.7,38.7,19.8,18.4,SYNTHETIC_GENERATOR,HIGH,0.92
2023-07-27,darjeeling,32.2,33.6,26.7,29.4,8.8,6.0,34.6,41.1,26.7,SYNTHETIC_GENERATOR,HIGH,0.92
2023-07-27,kalimpong,21.8,22.7,21.9,18.2,5.3,12.5,37.0,25.1,20.4,SYNTHETIC_GENERATOR,HIGH,0.92
2023-07-27,lava,11.9,10.1,7.8,14.3,9.7,12.6,35.8,14.3,10.5,SYNTHETIC_GENERATOR,HIGH,0.92
2023-07-27,lolegaon,12.1,11.1,13.7,10.1,9.4,6.8,35.5,14.4,16.6,SYNTHETIC_GENERATOR,HIGH,0.92
2023-07-27,rishop,9.8,8.9,6.4,12.7,5.1,11.5,43.7,11.4,10.8,SYNTHETIC_GENERATOR,HIGH,0.92
2023-07-27,mirik,17.3,17.2,19.9,16.2,7.9,14.5,35.9,17.7,16.0,SYNTHETIC_GENERATOR,HIGH,0.92
2023-07-28,darjeeling,43.6,40.8,44.8,37.1,14.7,38.3,39.8,68.6,45.5,SYNTHETIC_GENERATOR,HIGH,0.92
2023-07-28,kalimpong,28.8,26.0,37.5,22.1,17.2,38.8,35.9,46.5,29.0,SYNTHETIC_GENERATOR,HIGH,0.92
2023-07-28,lava,20.0,16.5,26.1,15.1,12.8,39.8,41.6,39.5,25.2,SYNTHETIC_GENERATOR,HIGH,0.92
2023-07-28,lolegaon,16.3,14.0,26.4,10.9,11.0,39.4,32.1,29.2,22.2,SYNTHETIC_GENERATOR,HIGH,0.92
2023-07-28,rishop,15.7,17.7,26.4,17.4,5.9,31.3,35.1,33.3,25.7,SYNTHETIC_GENERATOR,HIGH,0.92
2023-07-28,mirik,26.8,25.5,28.8,23.4,14.4,29.4,36.8,47.2,32.3,SYNTHETIC_GENERATOR,HIGH,0.92
2023-07-29,darjeeling,54.0,49.7,59.4,47.6,13.4,31.4,33.5,75.2,48.0,SYNTHETIC_GENERATOR,HIGH,0.92
2023-07-29,kalimpong,40.0,34.5,42.2,34.3,9.4,38.7,41.5,55.3,42.3,SYNTHETIC_GENERATOR,HIGH,0.92
2023-07-29,lava,18.4,18.4,21.5,20.2,11.4,28.7,35.1,32.9,19.6,SYNTHETIC_GENERATOR,HIGH,0.92
2023-07-29,lolegaon,20.5,19.8,27.6,20.7,6.9,29.3,34.7,35.0,25.9,SYNTHETIC_GENERATOR,HIGH,0.92
2023-07-29,rishop,17.0,14.3,27.2,11.5,13.2,32.1,37.3,30.9,22.7,SYNTHETIC_GENERATOR,HIGH,0.92
2023-07-29,mirik,29.3,25.9,34.0,27.2,5.4,28.2,35.6,47.3,26.7,SYNTHETIC_GENERATOR,HIGH,0.92
2023-07-30,darjeeling,45.9,44.9,52.2,45.4,10.3,34.3,34.0,69.1,46.6,SYNTHETIC_GENERATOR,HIGH,0.92
2023-07-30,kalimpong,33.4,30.4,41.7,29.2,7.2,32.9,34.1,55.2,38.0,SYNTHETIC_GENERATOR,HIGH,0.92
2023-07-30,lava,15.8,18.4,21.3,12.0,7.9,29.2,41.3,34.9,21.4,SYNTHETIC_GENERATOR,HIGH,0.92
2023-07-30,lolegaon,17.1,19.4,27.0,18.4,16.0,36.7,38.3,31.4,23.5,SYNTHETIC_GENERATOR,HIGH,0.92
2023-07-30,rishop,14.2,14.7,20.3,8.5,9.3,26.0,38.6,30.8,20.0,SYNTHETIC_GENERATOR,HIGH,0.92
2023-07-30,mirik,32.1,26.6,38.1,25.7,8.3,36.1,40.3,50.0,28.6,SYNTHETIC_GENERATOR,HIGH,0.92
2023-07-31,darjeeling,32.3,31.9,29.4,23.8,6.9,10.5,33.1,34.8,27.1,SYNTHETIC_GENERATOR,HIGH,0.92
2023-07-31,kalimpong,27.0,25.6,21.3,21.0,6.7,10.8,37.6,29.0,22.3,SYNTHETIC_GENERATOR,HIGH,0.92
2023-07-31,lava,15.2,12.8,15.1,10.3,2.9,5.8,34.4,16.8,14.9,SYNTHETIC_GENERATOR,HIGH,0.92
2023-07-31,lolegaon,12.6,12.5,14.5,7.2,9.1,12.8,34.3,17.0,17.3,SYNTHETIC_GENERATOR,HIGH,0.92
2023-07-31,rishop,11.8,10.7,6.9,12.9,6.8,9.9,34.1,13.6,7.4,SYNTHETIC_GENERATOR,HIGH,0.92
2023-07-31,mirik,18.4,20.2,14.9,13.9,6.5,8.1,37.3,24.4,17.8,SYNTHETIC_GENERATOR,HIGH,0.92
2023-08-01,darjeeling,37.2,34.9,32.8,37.5,5.8,6.6,32.8,41.4,28.5,SYNTHETIC_GENERATOR,HIGH,0.92
2023-08-01,kalimpong,23.8,23.5,22.2,17.8,8.2,12.6,34.6,26.0,26.4,SYNTHETIC_GENERATOR,HIGH,0.92
2023-08-01,lava,11.9,11.4,7.8,8.5,6.9,10.7,33.9,11.2,12.7,SYNTHETIC_GENERATOR,HIGH,0.92
2023-08-01,lolegaon,14.6,14.6,10.7,17.4,9.8,11.5,41.5,18.2,12.9,SYNTHETIC_GENERATOR,HIGH,0.92
2023-08-01,rishop,9.4,12.3,8.4,11.8,4.4,6.4,36.0,10.6,11.9,SYNTHETIC_GENERATOR,HIGH,0.92
2023-08-01,mirik,19.3,17.3,17.1,19.6,5.2,14.7,36.2,23.7,16.8,SYNTHETIC_GENERATOR,HIGH,0.92
2023-08-02,darjeeling,37.4,37.3,30.6,35.0,3.7,12.2,35.5,41.1,28.9,SYNTHETIC_GENERATOR,HIGH,0.92
2023-08-02,kalimpong,23.0,22.1,18.8,17.4,6.0,13.6,33.3,23.3,23.6,SYNTHETIC_GENERATOR,HIGH,0.92
2023-08-02,lava,12.0,11.1,12.8,10.3,9.8,5.5,39.9,15.6,16.4,SYNTHETIC_GENERATOR,HIGH,0.92
2023-08-02,lolegaon,10.6,10.8,8.8,5.3,7.1,7.8,36.4,16.4,11.3,SYNTHETIC_GENERATOR,HIGH,0.92
2023-08-02,rishop,8.3,4.9,9.6,5.5,8.2,9.1,33.8,8.2,9.9,SYNTHETIC_GENERATOR,HIGH,0.92
2023-08-02,mirik,16.9,13.8,16.1,17.5,4.1,10.3,35.5,15.5,17.5,SYNTHETIC_GENERATOR,HIGH,0.92
2023-08-03,darjeeling,36.0,30.4,35.4,33.8,4.5,13.5,42.9,40.3,31.8,SYNTHETIC_GENERATOR,HIGH,0.92
2023-08-03,kalimpong,24.0,22.2,20.7,22.9,7.6,7.6,41.0,22.3,20.4,SYNTHETIC_GENERATOR,HIGH,0.92
2023-08-03,lava,10.5,9.2,8.8,9.1,2.4,10.3,43.0,13.1,15.1,SYNTHETIC_GENERATOR,HIGH,0.92
2023-08-03,lolegaon,8.8,8.3,10.5,10.6,5.9,10.7,39.6,13.6,13.1,SYNTHETIC_GENERATOR,HIGH,0.92
2023-08-03,rishop,11.5,14.6,12.8,10.4,8.4,13.5,33.1,16.7,9.5,SYNTHETIC_GENERATOR,HIGH,0.92
2023-08-03,mirik,21.6,22.4,19.3,16.8,5.6,13.8,40.9,24.3,16.4,SYNTHETIC_GENERATOR,HIGH,0.92
2023-08-04,darjeeling,40.1,38.9,43.6,35.6,14.0,37.3,37.2,61.1,39.7,SYNTHETIC_GENERATOR,HIGH,0.92
2023-08-04,kalimpong,33.5,27.6,36.6,28.8,8.4,28.3,40.1,50.8,32.7,SYNTHETIC_GENERATOR,HIGH,0.92
2023-08-04,lava,16.9,17.2,25.7,15.6,9.6,38.2,42.4,30.6,24.4,SYNTHETIC_GENERATOR,HIGH,0.92
2023-08-04,lolegaon,13.4,8.8,21.1,15.2,15.1,33.1,43.5,29.5,20.1,SYNTHETIC_GENERATOR,HIGH,0.92
2023-08-04,rishop,13.2,10.2,17.8,9.6,10.5,29.1,43.2,27.6,18.8,SYNTHETIC_GENERATOR,HIGH,0.92
2023-08-04,mirik,28.6,26.4,37.0,23.9,10.8,36.2,40.9,45.1,32.7,SYNTHETIC_GENERATOR,HIGH,0.92
2023-08-05,darjeeling,51.7,47.8,53.2,44.3,15.6,26.4,34.1,79.2,46.6,SYNTHETIC_GENERATOR,HIGH,0.92
2023-08-05,kalimpong,40.0,34.6,44.7,36.2,14.7,29.8,34.3,61.5,37.5,SYNTHETIC_GENERATOR,HIGH,0.92
2023-08-05,lava,23.3,20.8,27.5,16.6,10.9,25.1,41.6,37.3,27.0,SYNTHETIC_GENERATOR,HIGH,0.92
2023-08-05,lolegaon,22.2,23.6,27.9,23.0,8.9,40.0,33.0,38.5,25.7,SYNTHETIC_GENERATOR,HIGH,0.92
2023-08-05,rishop,17.2,15.9,27.4,12.9,13.4,29.8,33.7,30.7,21.6,SYNTHETIC_GENERATOR,HIGH,0.92
2023-08-05,mirik,29.4,29.2,37.1,21.5,15.4,38.0,39.9,45.6,32.2,SYNTHETIC_GENERATOR,HIGH,0.92
2023-08-06,darjeeling,47.0,41.4,48.6,45.7,17.5,36.1,41.7,68.9,45.8,SYNTHETIC_GENERATOR,HIGH,0.92
2023-08-06,kalimpong,32.3,30.3,36.2,29.7,16.8,29.0,35.9,53.4,33.2,SYNTHETIC_GENERATOR,HIGH,0.92
2023-08-06,lava,18.0,20.0,20.8,19.6,16.9,25.7,36.5,35.0,22.7,SYNTHETIC_GENERATOR,HIGH,0.92
2023-08-06,lolegaon,14.0,16.3,17.6,17.2,6.5,32.1,43.8,34.1,22.1,SYNTHETIC_GENERATOR,HIGH,0.92
2023-08-06,rishop,16.5,12.6,24.0,15.9,9.0,32.0,42.8,29.2,21.2,SYNTHETIC_GENERATOR,HIGH,0.92
2023-08-06,mirik,29.6,29.6,35.1,28.5,16.1,27.9,34.6,43.9,29.7,SYNTHETIC_GENERATOR,HIGH,0.92
2023-08-07,darjeeling,37.2,32.8,30.9,28.7,5.2,13.9,33.3,39.7,30.5,SYNTHETIC_GENERATOR,HIGH,0.92
2023-08-07,kalimpong,23.0,25.4,22.5,20.4,6.6,13.8,41.1,22.4,25.1,SYNTHETIC_GENERATOR,HIGH,0.92
2023-08-07,lava,12.7,13.2,12.3,15.5,2.3,14.1,36.6,11.0,14.7,SYNTHETIC_GENERATOR,HIGH,0.92
2023-08-07,lolegaon,9.6,5.3,11.2,5.1,4.6,10.7,37.8,11.1,12.7,SYNTHETIC_GENERATOR,HIGH,0.92
2023-08-07,rishop,11.9,13.7,11.6,10.0,3.7,11.2,38.6,10.5,12.8,SYNTHETIC_GENERATOR,HIGH,0.92
2023-08-07,mirik,22.8,20.1,24.1,17.6,8.5,9.9,38.6,25.4,25.0,SYNTHETIC_GENERATOR,HIGH,0.92
2023-08-08,darjeeling,35.3,31.9,32.6,26.7,4.9,11.4,43.6,37.1,29.5,SYNTHETIC_GENERATOR,HIGH,0.92
2023-08-08,kalimpong,21.5,20.6,18.1,22.7,4.5,9.4,43.8,20.7,22.6,SYNTHETIC_GENERATOR,HIGH,0.92
2023-08-08,lava,15.8,14.9,13.7,18.3,10.0,6.9,42.1,14.6,20.1,SYNTHETIC_GENERATOR,HIGH,0.92
2023-08-08,lolegaon,11.1,11.2,7.4,13.4,6.2,13.0,36.4,11.3,13.4,SYNTHETIC_GENERATOR,HIGH,0.92
2023-08-08,rishop,14.1,13.5,12.0,8.4,3.3,11.3,39.4,17.9,14.9,SYNTHETIC_GENERATOR,HIGH,0.92
2023-08-08,mirik,22.9,22.4,23.9,17.9,9.7,14.5,35.6,27.4,21.0,SYNTHETIC_GENERATOR,HIGH,0.92
2023-08-09,darjeeling,37.4,38.3,34.2,29.3,9.5,5.0,35.0,42.5,28.9,SYNTHETIC_GENERATOR,HIGH,0.92
2023-08-09,kalimpong,25.0,27.2,19.5,21.1,3.2,13.2,41.2,29.5,27.7,SYNTHETIC_GENERATOR,HIGH,0.92
2023-08-09,lava,16.4,13.4,17.4,15.9,5.1,6.9,42.0,13.9,17.9,SYNTHETIC_GENERATOR,HIGH,0.92
2023-08-09,lolegaon,14.8,10.9,15.5,17.5,3.2,9.4,40.1,18.2,15.5,SYNTHETIC_GENERATOR,HIGH,0.92
2023-08-09,rishop,7.6,4.1,5.5,2.7,7.0,9.7,39.9,8.9,12.4,SYNTHETIC_GENERATOR,HIGH,0.92
2023-08-09,mirik,19.5,14.9,21.8,21.3,4.7,7.7,43.9,20.5,21.8,SYNTHETIC_GENERATOR,HIGH,0.92
2023-08-10,darjeeling,36.8,31.5,33.6,33.2,9.0,11.9,41.5,43.6,31.5,SYNTHETIC_GENERATOR,HIGH,0.92
2023-08-10,kalimpong,27.7,26.9,26.3,23.0,9.0,11.6,42.0,33.0,26.7,SYNTHETIC_GENERATOR,HIGH,0.92
2023-08-10,lava,12.7,13.0,14.6,9.0,7.8,7.8,35.0,14.6,10.5,SYNTHETIC_GENERATOR,HIGH,0.92
2023-08-10,lolegaon,15.5,11.2,11.1,16.7,3.9,9.9,39.1,18.0,17.4,SYNTHETIC_GENERATOR,HIGH,0.92
2023-08-10,rishop,8.2,10.0,9.2,7.8,8.7,8.8,38.2,14.4,10.4,SYNTHETIC_GENERATOR,HIGH,0.92
2023-08-10,mirik,20.4,21.5,22.4,18.7,2.9,12.6,36.3,23.6,22.2,SYNTHETIC_GENERATOR,HIGH,0.92
2023-08-11,darjeeling,45.9,42.5,49.4,42.8,9.5,36.8,42.2,71.0,39.3,SYNTHETIC_GENERATOR,HIGH,0.92
2023-08-11,kalimpong,33.4,32.4,40.9,31.1,5.3,33.5,32.3,55.6,33.8,SYNTHETIC_GENERATOR,HIGH,0.92
2023-08-11,lava,14.4,16.9,23.7,15.0,16.0,28.8,41.8,30.3,24.6,SYNTHETIC_GENERATOR,HIGH,0.92
2023-08-11,lolegaon,15.2,10.7,21.6,18.3,8.4,36.9,34.5,34.3,21.8,SYNTHETIC_GENERATOR,HIGH,0.92
2023-08-11,rishop,14.8,12.5,20.8,11.5,15.6,37.7,42.3,29.6,19.7,SYNTHETIC_GENERATOR,HIGH,0.92
2023-08-11,mirik,28.2,24.3,36.6,20.8,14.4,34.6,35.8,45.7,28.4,SYNTHETIC_GENERATOR,HIGH,0.92
2023-08-12,darjeeling,49.9,46.0,52.0,46.0,9.6,37.1,42.7,76.2,49.0,SYNTHETIC_GENERATOR,HIGH,0.92
2023-08-12,kalimpong,35.5,34.0,43.9,33.2,12.3,36.4,38.5,53.0,36.5,SYNTHETIC_GENERATOR,HIGH,0.92
2023-08-12,lava,22.6,18.8,25.5,20.9,16.4,31.1,35.2,39.3,24.1,SYNTHETIC_GENERATOR,HIGH,0.92
2023-08-12,lolegaon,22.0,17.5,31.9,22.5,16.5,29.4,38.8,33.8,26.0,SYNTHETIC_GENERATOR,HIGH,0.92
2023-08-12,rishop,21.5,19.8,24.1,19.4,13.7,29.1,37.9,38.4,27.2,SYNTHETIC_GENERATOR,HIGH,0.92
2023-08-12,mirik,29.9,29.3,33.2,21.4,8.2,25.3,39.3,49.8,30.6,SYNTHETIC_GENERATOR,HIGH,0.92
2023-08-13,darjeeling,47.0,44.6,51.8,40.5,16.0,33.7,39.5,74.5,49.3,SYNTHETIC_GENERATOR,HIGH,0.92
2023-08-13,kalimpong,36.1,37.8,43.6,29.4,9.8,38.5,43.2,52.9,37.2,SYNTHETIC_GENERATOR,HIGH,0.92
2023-08-13,lava,18.2,20.8,21.8,19.6,17.8,28.7,38.5,31.4,28.1,SYNTHETIC_GENERATOR,HIGH,0.92
2023-08-13,lolegaon,17.4,16.2,22.5,18.4,12.9,35.8,40.6,34.9,24.0,SYNTHETIC_GENERATOR,HIGH,0.92
2023-08-13,rishop,16.6,19.5,23.0,15.4,5.7,34.3,38.0,31.7,24.3,SYNTHETIC_GENERATOR,HIGH,0.92
2023-08-13,mirik,29.2,27.9,31.3,24.2,16.3,27.2,40.2,43.0,30.1,SYNTHETIC_GENERATOR,HIGH,0.92
2023-08-14,darjeeling,35.6,34.0,36.3,33.6,7.7,9.9,40.5,43.9,33.2,SYNTHETIC_GENERATOR,HIGH,0.92
2023-08-14,kalimpong,23.9,22.8,23.4,19.3,6.6,13.8,43.4,23.2,22.2,SYNTHETIC_GENERATOR,HIGH,0.92
2023-08-14,lava,13.5,14.1,10.9,6.9,6.9,12.1,36.3,12.1,16.8,SYNTHETIC_GENERATOR,HIGH,0.92
2023-08-14,lolegaon,12.3,13.4,13.2,8.3,6.8,12.6,34.2,11.7,13.3,SYNTHETIC_GENERATOR,HIGH,0.92
2023-08-14,rishop,12.0,11.2,8.0,6.5,9.6,10.7,43.4,12.8,10.8,SYNTHETIC_GENERATOR,HIGH,0.92
2023-08-14,mirik,17.3,15.0,12.7,13.8,7.7,13.8,38.0,17.2,18.5,SYNTHETIC_GENERATOR,HIGH,0.92
2023-08-15,darjeeling,48.8,43.7,48.8,56.3,4.7,86.3,38.3,49.0,42.2,SYNTHETIC_GENERATOR,HIGH,0.92
2023-08-15,kalimpong,29.6,26.8,24.6,42.7,6.2,82.5,36.6,27.1,29.2,SYNTHETIC_GENERATOR,HIGH,0.92
2023-08-15,lava,19.3,18.6,20.6,33.5,3.5,85.6,34.2,17.2,24.5,SYNTHETIC_GENERATOR,HIGH,0.92
2023-08-15,lolegaon,17.4,17.2,16.6,31.2,7.7,86.9,34.1,15.2,29.6,SYNTHETIC_GENERATOR,HIGH,0.92
2023-08-15,rishop,15.4,10.7,10.5,25.9,9.7,87.2,41.7,14.6,23.6,SYNTHETIC_GENERATOR,HIGH,0.92
2023-08-15,mirik,23.5,22.2,24.8,32.7,6.8,87.5,43.0,28.2,33.8,SYNTHETIC_GENERATOR,HIGH,0.92
2023-08-16,darjeeling,37.1,35.3,33.2,32.1,2.9,10.5,36.1,40.7,30.4,SYNTHETIC_GENERATOR,HIGH,0.92
2023-08-16,kalimpong,22.0,19.9,19.1,23.5,9.4,13.1,42.9,26.1,26.0,SYNTHETIC_GENERATOR,HIGH,0.92
2023-08-16,lava,15.6,11.5,14.5,15.4,4.6,10.3,38.9,17.0,13.5,SYNTHETIC_GENERATOR,HIGH,0.92
2023-08-16,lolegaon,10.0,8.0,8.8,5.8,9.6,9.3,37.2,9.3,13.3,SYNTHETIC_GENERATOR,HIGH,0.92
2023-08-16,rishop,7.7,4.1,7.6,7.9,4.4,14.9,41.2,12.8,10.8,SYNTHETIC_GENERATOR,HIGH,0.92
2023-08-16,mirik,16.6,19.2,13.7,15.5,9.2,10.4,39.7,21.0,15.5,SYNTHETIC_GENERATOR,HIGH,0.92
2023-08-17,darjeeling,34.3,28.6,30.0,27.1,9.7,5.5,41.9,42.2,28.5,SYNTHETIC_GENERATOR,HIGH,0.92
2023-08-17,kalimpong,21.9,19.6,21.7,23.4,2.8,14.5,42.7,26.1,19.1,SYNTHETIC_GENERATOR,HIGH,0.92
2023-08-17,lava,10.2,7.2,7.0,10.4,2.1,14.2,34.5,14.3,12.1,SYNTHETIC_GENERATOR,HIGH,0.92
2023-08-17,lolegaon,10.3,12.2,12.1,13.9,9.9,13.3,36.5,15.5,14.8,SYNTHETIC_GENERATOR,HIGH,0.92
2023-08-17,rishop,7.8,4.5,5.1,8.5,9.1,9.2,38.8,13.6,10.2,SYNTHETIC_GENERATOR,HIGH,0.92
2023-08-17,mirik,22.5,23.0,18.9,21.7,5.3,9.1,35.3,27.1,19.8,SYNTHETIC_GENERATOR,HIGH,0.92
2023-08-18,darjeeling,45.3,42.5,50.5,41.1,10.1,35.4,37.4,71.1,44.3,SYNTHETIC_GENERATOR,HIGH,0.92
2023-08-18,kalimpong,28.5,30.0,34.1,21.9,9.3,39.2,35.1,49.4,34.9,SYNTHETIC_GENERATOR,HIGH,0.92
2023-08-18,lava,20.2,18.2,26.9,15.6,12.4,26.6,33.4,38.4,28.4,SYNTHETIC_GENERATOR,HIGH,0.92
2023-08-18,lolegaon,16.0,15.0,19.7,19.0,11.1,26.6,34.7,35.4,18.5,SYNTHETIC_GENERATOR,HIGH,0.92
2023-08-18,rishop,12.3,13.7,21.8,8.2,13.0,31.6,33.7,30.0,25.3,SYNTHETIC_GENERATOR,HIGH,0.92
2023-08-18,mirik,27.7,23.5,31.2,22.6,12.4,39.2,36.1,48.9,32.0,SYNTHETIC_GENERATOR,HIGH,0.92
2023-08-19,darjeeling,55.1,50.6,56.3,49.9,10.1,27.3,35.5,75.6,48.5,SYNTHETIC_GENERATOR,HIGH,0.92
2023-08-19,kalimpong,39.3,36.5,47.1,30.3,8.2,32.9,38.7,54.2,38.9,SYNTHETIC_GENERATOR,HIGH,0.92
2023-08-19,lava,24.4,19.4,31.9,20.6,11.9,34.3,34.0,42.4,27.0,SYNTHETIC_GENERATOR,HIGH,0.92
2023-08-19,lolegaon,16.3,13.2,22.0,15.0,15.6,36.5,33.4,30.8,23.3,SYNTHETIC_GENERATOR,HIGH,0.92
2023-08-19,rishop,18.9,18.3,22.0,18.1,16.8,39.1,39.7,32.2,23.3,SYNTHETIC_GENERATOR,HIGH,0.92
2023-08-19,mirik,33.5,33.0,39.7,27.9,17.8,31.8,43.0,47.2,33.5,SYNTHETIC_GENERATOR,HIGH,0.92
2023-08-20,darjeeling,47.9,43.9,49.2,43.5,7.3,39.5,44.0,75.3,45.6,SYNTHETIC_GENERATOR,HIGH,0.92
2023-08-20,kalimpong,36.8,31.7,41.5,34.5,12.0,28.4,36.8,57.6,36.6,SYNTHETIC_GENERATOR,HIGH,0.92
2023-08-20,lava,18.2,20.6,24.1,15.2,14.5,31.7,36.7,33.3,23.2,SYNTHETIC_GENERATOR,HIGH,0.92
2023-08-20,lolegaon,18.9,15.4,23.1,13.5,7.5,38.1,39.9,35.8,25.9,SYNTHETIC_GENERATOR,HIGH,0.92
2023-08-20,rishop,19.1,18.3,27.7,15.9,13.4,28.2,33.7,30.9,22.4,SYNTHETIC_GENERATOR,HIGH,0.92
2023-08-20,mirik,31.1,31.4,37.6,22.9,7.8,33.3,33.9,47.1,30.4,SYNTHETIC_GENERATOR,HIGH,0.92
2023-08-21,darjeeling,34.2,29.6,31.0,32.0,5.1,11.7,35.3,41.0,27.6,SYNTHETIC_GENERATOR,HIGH,0.92
2023-08-21,kalimpong,23.5,24.3,19.2,19.8,5.7,13.7,33.6,29.2,21.2,SYNTHETIC_GENERATOR,HIGH,0.92
2023-08-21,lava,11.9,14.7,11.8,12.8,9.0,11.8,41.4,10.7,19.2,SYNTHETIC_GENERATOR,HIGH,0.92
2023-08-21,lolegaon,9.0,11.3,6.8,11.9,3.6,6.5,34.6,14.6,12.2,SYNTHETIC_GENERATOR,HIGH,0.92
2023-08-21,rishop,10.0,12.7,9.9,12.1,5.8,12.0,35.5,9.1,8.4,SYNTHETIC_GENERATOR,HIGH,0.92
2023-08-21,mirik,17.4,15.7,16.3,16.5,3.3,10.5,37.6,23.6,15.9,SYNTHETIC_GENERATOR,HIGH,0.92
2023-08-22,darjeeling,35.4,36.5,36.4,32.8,3.2,9.4,41.1,37.3,28.9,SYNTHETIC_GENERATOR,HIGH,0.92
2023-08-22,kalimpong,21.9,16.7,21.7,22.5,9.4,10.8,34.2,27.5,22.3,SYNTHETIC_GENERATOR,HIGH,0.92
2023-08-22,lava,16.5,19.1,15.7,18.4,9.9,13.9,32.8,14.5,16.7,SYNTHETIC_GENERATOR,HIGH,0.92
2023-08-22,lolegaon,9.6,13.0,11.2,10.1,9.7,8.2,40.5,15.9,16.4,SYNTHETIC_GENERATOR,HIGH,0.92
2023-08-22,rishop,8.1,8.4,9.8,2.3,9.1,9.2,34.0,13.7,12.1,SYNTHETIC_GENERATOR,HIGH,0.92
2023-08-22,mirik,19.9,22.0,18.2,21.6,2.4,7.4,35.7,21.4,20.6,SYNTHETIC_GENERATOR,HIGH,0.92
2023-08-23,darjeeling,33.6,27.9,32.9,32.2,5.7,5.8,38.6,35.5,30.8,SYNTHETIC_GENERATOR,HIGH,0.92
2023-08-23,kalimpong,25.8,20.4,22.8,26.7,5.0,5.4,40.1,29.2,22.0,SYNTHETIC_GENERATOR,HIGH,0.92
2023-08-23,lava,12.0,13.7,13.9,13.4,5.3,8.4,43.3,15.8,12.9,SYNTHETIC_GENERATOR,HIGH,0.92
2023-08-23,lolegaon,10.5,13.2,13.0,5.1,7.3,8.2,38.1,9.9,12.0,SYNTHETIC_GENERATOR,HIGH,0.92
2023-08-23,rishop,13.2,14.9,9.0,7.4,5.0,6.5,41.6,16.8,14.3,SYNTHETIC_GENERATOR,HIGH,0.92
2023-08-23,mirik,16.4,17.9,18.0,15.6,3.2,11.3,42.5,18.6,17.7,SYNTHETIC_GENERATOR,HIGH,0.92
2023-08-24,darjeeling,36.7,36.8,30.6,28.5,7.6,7.0,41.0,38.1,34.3,SYNTHETIC_GENERATOR,HIGH,0.92
2023-08-24,kalimpong,20.7,21.8,16.9,13.7,2.6,8.2,38.4,23.2,21.6,SYNTHETIC_GENERATOR,HIGH,0.92
2023-08-24,lava,11.1,14.3,11.1,6.6,4.3,11.8,42.4,9.9,13.6,SYNTHETIC_GENERATOR,HIGH,0.92
2023-08-24,lolegaon,9.8,6.8,6.2,9.0,9.8,12.0,40.4,9.1,12.1,SYNTHETIC_GENERATOR,HIGH,0.92
2023-08-24,rishop,8.8,6.8,12.0,4.4,7.1,10.9,39.2,11.4,11.5,SYNTHETIC_GENERATOR,HIGH,0.92
2023-08-24,mirik,22.1,22.7,20.6,21.0,9.7,7.5,41.1,20.1,23.0,SYNTHETIC_GENERATOR,HIGH,0.92
2023-08-25,darjeeling,40.0,36.4,46.7,36.4,15.6,26.2,41.2,66.5,44.0,SYNTHETIC_GENERATOR,HIGH,0.92
2023-08-25,kalimpong,28.3,27.3,37.4,23.5,13.9,35.2,32.8,45.9,31.6,SYNTHETIC_GENERATOR,HIGH,0.92
2023-08-25,lava,19.6,18.0,28.0,17.1,11.5,36.5,35.8,39.4,26.9,SYNTHETIC_GENERATOR,HIGH,0.92
2023-08-25,lolegaon,12.4,10.5,19.1,10.5,17.0,37.7,43.7,29.8,24.4,SYNTHETIC_GENERATOR,HIGH,0.92
2023-08-25,rishop,17.3,15.9,21.1,17.7,10.5,25.4,33.7,31.3,24.7,SYNTHETIC_GENERATOR,HIGH,0.92
2023-08-25,mirik,25.1,19.7,33.4,23.7,7.2,33.9,34.2,40.0,27.4,SYNTHETIC_GENERATOR,HIGH,0.92
2023-08-26,darjeeling,51.3,45.4,53.9,40.4,10.1,29.6,43.5,75.9,46.7,SYNTHETIC_GENERATOR,HIGH,0.92
2023-08-26,kalimpong,39.8,36.9,48.2,31.6,17.6,25.9,43.5,54.0,41.2,SYNTHETIC_GENERATOR,HIGH,0.92
2023-08-26,lava,20.0,18.6,24.7,15.0,17.3,37.1,37.0,31.8,24.4,SYNTHETIC_GENERATOR,HIGH,0.92
2023-08-26,lolegaon,20.0,20.3,25.8,13.8,6.7,29.2,40.7,38.2,25.9,SYNTHETIC_GENERATOR,HIGH,0.92
2023-08-26,rishop,20.5,18.2,30.6,13.7,10.8,31.3,34.5,33.6,24.9,SYNTHETIC_GENERATOR,HIGH,0.92
2023-08-26,mirik,30.5,32.0,39.8,29.7,12.2,33.7,36.0,45.1,37.7,SYNTHETIC_GENERATOR,HIGH,0.92
2023-08-27,darjeeling,45.0,40.9,50.5,44.3,8.0,33.9,34.8,72.1,40.9,SYNTHETIC_GENERATOR,HIGH,0.92
2023-08-27,kalimpong,31.3,29.5,33.6,30.0,13.1,26.2,37.9,51.1,32.7,SYNTHETIC_GENERATOR,HIGH,0.92
2023-08-27,lava,21.9,24.3,26.3,18.8,15.1,36.9,35.3,34.2,27.1,SYNTHETIC_GENERATOR,HIGH,0.92
2023-08-27,lolegaon,15.6,15.7,21.0,17.0,11.3,27.2,35.3,31.0,20.9,SYNTHETIC_GENERATOR,HIGH,0.92
2023-08-27,rishop,19.6,19.3,26.3,20.5,13.4,39.4,39.2,31.4,25.4,SYNTHETIC_GENERATOR,HIGH,0.92
2023-08-27,mirik,26.7,27.5,30.8,26.4,10.5,37.3,32.1,42.6,26.2,SYNTHETIC_GENERATOR,HIGH,0.92
2023-08-28,darjeeling,31.6,25.9,30.3,30.4,2.6,9.6,42.9,33.8,24.8,SYNTHETIC_GENERATOR,HIGH,0.92
2023-08-28,kalimpong,24.9,25.5,19.8,19.6,4.2,12.1,37.4,24.2,19.5,SYNTHETIC_GENERATOR,HIGH,0.92
2023-08-28,lava,10.6,13.6,6.7,13.0,6.4,8.7,35.8,14.8,10.3,SYNTHETIC_GENERATOR,HIGH,0.92
2023-08-28,lolegaon,13.1,11.5,10.7,14.9,2.3,7.8,38.8,15.4,13.0,SYNTHETIC_GENERATOR,HIGH,0.92
2023-08-28,rishop,13.7,9.3,14.3,8.4,2.5,5.7,33.8,15.1,14.4,SYNTHETIC_GENERATOR,HIGH,0.92
2023-08-28,mirik,21.6,24.1,18.6,18.1,8.0,9.9,38.5,23.3,20.0,SYNTHETIC_GENERATOR,HIGH,0.92
2023-08-29,darjeeling,35.1,32.2,29.5,34.1,8.5,9.5,33.4,43.2,29.4,SYNTHETIC_GENERATOR,HIGH,0.92
2023-08-29,kalimpong,25.2,24.1,19.6,25.6,3.8,5.4,34.6,25.0,22.6,SYNTHETIC_GENERATOR,HIGH,0.92
2023-08-29,lava,10.8,13.1,9.9,7.7,8.0,11.7,32.2,15.3,10.1,SYNTHETIC_GENERATOR,HIGH,0.92
2023-08-29,lolegaon,13.5,13.1,8.7,12.8,3.7,10.8,32.1,16.8,13.9,SYNTHETIC_GENERATOR,HIGH,0.92
2023-08-29,rishop,11.6,9.8,13.9,6.8,3.7,10.4,43.0,15.3,13.4,SYNTHETIC_GENERATOR,HIGH,0.92
2023-08-29,mirik,19.9,16.0,15.9,18.6,4.7,8.3,35.1,18.7,20.0,SYNTHETIC_GENERATOR,HIGH,0.92
2023-08-30,darjeeling,32.6,26.9,30.8,30.2,6.1,9.1,34.2,33.9,27.8,SYNTHETIC_GENERATOR,HIGH,0.92
2023-08-30,kalimpong,26.8,22.8,25.2,26.1,8.7,11.7,42.6,31.1,21.4,SYNTHETIC_GENERATOR,HIGH,0.92
2023-08-30,lava,12.2,7.9,12.2,11.4,9.1,7.5,38.1,12.7,13.7,SYNTHETIC_GENERATOR,HIGH,0.92
2023-08-30,lolegaon,10.9,10.2,11.8,11.8,5.7,8.9,41.0,16.6,15.5,SYNTHETIC_GENERATOR,HIGH,0.92
2023-08-30,rishop,10.9,11.0,12.4,11.3,9.5,5.8,33.3,8.9,13.2,SYNTHETIC_GENERATOR,HIGH,0.92
2023-08-30,mirik,16.4,13.6,11.1,13.9,7.8,14.6,33.2,17.9,15.9,SYNTHETIC_GENERATOR,HIGH,0.92
2023-08-31,darjeeling,35.1,36.8,34.2,29.6,4.2,11.5,35.6,36.2,30.3,SYNTHETIC_GENERATOR,HIGH,0.92
2023-08-31,kalimpong,23.9,25.9,25.9,25.2,3.0,11.4,43.4,28.4,24.7,SYNTHETIC_GENERATOR,HIGH,0.92
2023-08-31,lava,15.9,18.4,12.0,10.1,7.8,9.6,42.6,18.5,16.7,SYNTHETIC_GENERATOR,HIGH,0.92
2023-08-31,lolegaon,12.5,8.3,13.0,8.2,5.2,8.8,32.4,13.9,13.1,SYNTHETIC_GENERATOR,HIGH,0.92
2023-08-31,rishop,10.8,7.6,6.0,13.5,7.3,14.6,42.5,14.5,13.3,SYNTHETIC_GENERATOR,HIGH,0.92
2023-08-31,mirik,18.2,18.5,20.4,12.9,7.5,13.1,44.0,16.8,17.4,SYNTHETIC_GENERATOR,HIGH,0.92
2023-09-01,darjeeling,65.2,64.1,68.5,59.4,15.3,35.7,70.9,86.9,62.6,SYNTHETIC_GENERATOR,HIGH,0.92
2023-09-01,kalimpong,48.8,46.2,51.9,47.0,14.4,33.1,65.8,66.1,49.1,SYNTHETIC_GENERATOR,HIGH,0.92
2023-09-01,lava,24.9,24.0,29.9,26.7,15.0,27.2,70.1,42.4,31.1,SYNTHETIC_GENERATOR,HIGH,0.92
2023-09-01,lolegaon,26.5,21.6,30.4,19.7,17.0,34.7,67.4,40.8,29.8,SYNTHETIC_GENERATOR,HIGH,0.92
2023-09-01,rishop,22.8,24.5,27.7,24.2,17.8,27.2,66.1,37.7,30.3,SYNTHETIC_GENERATOR,HIGH,0.92
2023-09-01,mirik,38.9,40.4,46.1,37.5,10.2,37.4,72.6,58.2,39.0,SYNTHETIC_GENERATOR,HIGH,0.92
2023-09-02,darjeeling,74.1,69.8,76.8,62.8,12.2,39.1,70.9,98.5,67.0,SYNTHETIC_GENERATOR,HIGH,0.92
2023-09-02,kalimpong,52.4,51.9,55.2,50.5,11.8,37.3,64.6,66.8,47.9,SYNTHETIC_GENERATOR,HIGH,0.92
2023-09-02,lava,29.0,29.3,31.5,26.9,10.9,37.5,72.7,39.8,38.1,SYNTHETIC_GENERATOR,HIGH,0.92
2023-09-02,lolegaon,26.8,22.1,29.8,19.3,17.4,28.6,66.9,43.3,31.5,SYNTHETIC_GENERATOR,HIGH,0.92
2023-09-02,rishop,25.3,20.6,33.8,17.5,5.4,26.8,64.2,40.7,31.0,SYNTHETIC_GENERATOR,HIGH,0.92
2023-09-02,mirik,47.6,44.1,50.7,40.9,14.1,29.5,66.7,59.0,46.1,SYNTHETIC_GENERATOR,HIGH,0.92
2023-09-03,darjeeling,68.8,65.4,71.1,61.7,5.5,32.4,62.4,90.6,63.9,SYNTHETIC_GENERATOR,HIGH,0.92
2023-09-03,kalimpong,52.6,48.5,56.7,42.3,14.0,34.3,66.2,72.0,50.8,SYNTHETIC_GENERATOR,HIGH,0.92
2023-09-03,lava,27.5,22.1,29.6,24.1,16.8,32.1,68.5,37.9,31.2,SYNTHETIC_GENERATOR,HIGH,0.92
2023-09-03,lolegaon,28.0,26.0,35.8,22.1,17.8,25.5,65.7,43.8,29.7,SYNTHETIC_GENERATOR,HIGH,0.92
2023-09-03,rishop,25.7,21.9,30.9,17.7,6.7,37.9,71.4,42.2,29.0,SYNTHETIC_GENERATOR,HIGH,0.92
2023-09-03,mirik,41.1,40.2,44.9,40.4,13.5,25.7,69.0,57.7,43.3,SYNTHETIC_GENERATOR,HIGH,0.92
2023-09-04,darjeeling,55.7,55.6,49.6,45.6,4.3,8.3,63.3,56.6,45.5,SYNTHETIC_GENERATOR,HIGH,0.92
2023-09-04,kalimpong,39.5,33.2,38.5,37.8,9.2,12.7,62.5,36.6,33.1,SYNTHETIC_GENERATOR,HIGH,0.92
2023-09-04,lava,20.5,20.7,21.6,15.3,5.6,12.0,72.9,17.1,24.9,SYNTHETIC_GENERATOR,HIGH,0.92
2023-09-04,lolegaon,22.9,22.0,20.6,18.8,7.6,5.2,68.3,23.6,26.1,SYNTHETIC_GENERATOR,HIGH,0.92
2023-09-04,rishop,18.9,14.6,17.2,14.4,6.5,9.2,62.8,16.7,21.4,SYNTHETIC_GENERATOR,HIGH,0.92
2023-09-04,mirik,31.7,33.2,32.4,31.7,3.0,6.6,68.8,32.6,29.8,SYNTHETIC_GENERATOR,HIGH,0.92
2023-09-05,darjeeling,55.4,56.0,50.0,46.4,2.5,12.9,64.2,58.4,44.1,SYNTHETIC_GENERATOR,HIGH,0.92
2023-09-05,kalimpong,37.1,31.9,35.7,27.8,2.5,12.9,63.4,38.5,31.6,SYNTHETIC_GENERATOR,HIGH,0.92
2023-09-05,lava,22.2,16.9,23.5,15.9,9.4,13.6,71.6,19.1,20.8,SYNTHETIC_GENERATOR,HIGH,0.92
2023-09-05,lolegaon,17.0,15.1,16.7,15.4,8.4,6.5,63.5,17.8,19.8,SYNTHETIC_GENERATOR,HIGH,0.92
2023-09-05,rishop,20.5,15.8,19.0,22.9,6.5,7.5,71.0,22.5,21.4,SYNTHETIC_GENERATOR,HIGH,0.92
2023-09-05,mirik,30.7,25.3,27.7,30.7,8.2,5.3,70.1,33.9,30.3,SYNTHETIC_GENERATOR,HIGH,0.92
2023-09-06,darjeeling,55.0,52.6,53.5,50.9,3.0,11.1,71.5,61.8,44.8,SYNTHETIC_GENERATOR,HIGH,0.92
2023-09-06,kalimpong,37.2,35.8,32.5,35.5,5.5,5.3,62.8,33.9,28.9,SYNTHETIC_GENERATOR,HIGH,0.92
2023-09-06,lava,24.3,20.0,23.5,20.1,5.1,9.6,71.7,26.4,23.9,SYNTHETIC_GENERATOR,HIGH,0.92
2023-09-06,lolegaon,18.6,15.9,20.7,16.5,5.1,13.7,70.3,20.5,24.5,SYNTHETIC_GENERATOR,HIGH,0.92
2023-09-06,rishop,21.0,20.6,20.6,19.2,5.8,5.9,67.9,18.8,18.9,SYNTHETIC_GENERATOR,HIGH,0.92
2023-09-06,mirik,30.7,27.0,26.4,24.9,6.1,8.1,72.9,33.7,28.5,SYNTHETIC_GENERATOR,HIGH,0.92
2023-09-07,darjeeling,56.3,51.7,50.2,52.8,6.1,9.1,65.2,59.3,43.9,SYNTHETIC_GENERATOR,HIGH,0.92
2023-09-07,kalimpong,42.3,36.9,41.1,35.2,7.5,8.6,68.5,40.1,32.9,SYNTHETIC_GENERATOR,HIGH,0.92
2023-09-07,lava,23.7,22.9,19.2,23.1,9.0,11.4,64.5,25.0,25.1,SYNTHETIC_GENERATOR,HIGH,0.92
2023-09-07,lolegaon,20.8,19.5,17.1,18.1,4.2,10.7,68.4,17.7,20.2,SYNTHETIC_GENERATOR,HIGH,0.92
2023-09-07,rishop,18.7,15.6,20.9,19.6,9.9,5.0,64.3,21.9,23.6,SYNTHETIC_GENERATOR,HIGH,0.92
2023-09-07,mirik,35.8,34.3,31.2,32.2,3.6,5.5,67.1,38.4,30.7,SYNTHETIC_GENERATOR,HIGH,0.92
2023-09-08,darjeeling,65.5,61.4,67.4,53.8,7.4,30.4,71.6,85.3,59.3,SYNTHETIC_GENERATOR,HIGH,0.92
2023-09-08,kalimpong,46.9,42.2,53.4,45.5,13.9,28.1,72.7,63.9,45.5,SYNTHETIC_GENERATOR,HIGH,0.92
2023-09-08,lava,22.2,19.6,29.4,17.3,10.6,28.5,69.4,37.9,28.7,SYNTHETIC_GENERATOR,HIGH,0.92
2023-09-08,lolegaon,25.7,21.4,32.1,20.8,7.9,37.1,71.9,37.5,34.0,SYNTHETIC_GENERATOR,HIGH,0.92
2023-09-08,rishop,22.3,24.6,25.2,22.0,17.7,29.0,67.8,33.1,30.3,SYNTHETIC_GENERATOR,HIGH,0.92
2023-09-08,mirik,38.1,33.1,40.4,30.7,6.4,28.6,65.7,54.3,36.7,SYNTHETIC_GENERATOR,HIGH,0.92
2023-09-09,darjeeling,74.5,69.1,74.2,61.6,6.1,35.7,67.3,99.3,62.4,SYNTHETIC_GENERATOR,HIGH,0.92
2023-09-09,kalimpong,52.8,50.0,54.7,50.3,11.4,36.8,68.3,66.9,52.4,SYNTHETIC_GENERATOR,HIGH,0.92
2023-09-09,lava,29.6,28.7,37.9,27.1,9.8,35.6,69.2,44.3,32.5,SYNTHETIC_GENERATOR,HIGH,0.92
2023-09-09,lolegaon,24.7,21.7,30.0,19.2,8.8,28.5,69.2,38.9,32.6,SYNTHETIC_GENERATOR,HIGH,0.92
2023-09-09,rishop,21.7,23.9,25.9,21.1,10.9,37.0,66.7,34.7,27.6,SYNTHETIC_GENERATOR,HIGH,0.92
2023-09-09,mirik,46.0,46.5,47.0,38.0,8.0,30.5,74.0,59.9,46.7,SYNTHETIC_GENERATOR,HIGH,0.92
2023-09-10,darjeeling,67.0,65.8,70.8,60.0,15.5,37.7,73.7,89.2,62.7,SYNTHETIC_GENERATOR,HIGH,0.92
2023-09-10,kalimpong,53.0,46.6,58.3,42.1,6.0,39.0,67.4,66.9,48.2,SYNTHETIC_GENERATOR,HIGH,0.92
2023-09-10,lava,30.1,26.5,39.0,23.8,9.1,32.8,64.8,39.9,36.4,SYNTHETIC_GENERATOR,HIGH,0.92
2023-09-10,lolegaon,27.0,29.0,36.4,20.5,12.1,39.1,72.7,38.7,35.1,SYNTHETIC_GENERATOR,HIGH,0.92
2023-09-10,rishop,25.4,21.4,33.1,18.0,6.3,37.3,64.1,35.5,26.3,SYNTHETIC_GENERATOR,HIGH,0.92
2023-09-10,mirik,43.0,37.6,51.0,35.3,5.1,37.8,71.2,57.7,44.2,SYNTHETIC_GENERATOR,HIGH,0.92
2023-09-11,darjeeling,52.4,49.3,44.7,42.5,2.4,6.6,63.6,59.2,43.8,SYNTHETIC_GENERATOR,HIGH,0.92
2023-09-11,kalimpong,38.1,33.8,32.5,29.6,4.0,11.4,71.1,34.5,30.0,SYNTHETIC_GENERATOR,HIGH,0.92
2023-09-11,lava,20.7,15.5,18.7,21.2,7.4,9.0,68.5,19.7,16.2,SYNTHETIC_GENERATOR,HIGH,0.92
2023-09-11,lolegaon,22.9,20.4,21.9,22.3,8.0,12.5,68.3,21.3,23.2,SYNTHETIC_GENERATOR,HIGH,0.92
2023-09-11,rishop,18.0,16.9,19.0,12.9,6.8,8.7,65.6,18.8,18.5,SYNTHETIC_GENERATOR,HIGH,0.92
2023-09-11,mirik,31.5,28.1,26.6,22.9,5.5,11.4,63.8,34.0,29.5,SYNTHETIC_GENERATOR,HIGH,0.92
2023-09-12,darjeeling,57.8,56.3,54.4,48.9,4.0,5.2,64.7,60.9,44.2,SYNTHETIC_GENERATOR,HIGH,0.92
2023-09-12,kalimpong,39.4,40.1,36.0,33.8,2.4,14.5,72.8,42.5,36.3,SYNTHETIC_GENERATOR,HIGH,0.92
2023-09-12,lava,20.2,15.4,18.3,16.6,7.2,9.3,69.2,18.9,18.7,SYNTHETIC_GENERATOR,HIGH,0.92
2023-09-12,lolegaon,22.8,24.4,20.8,18.6,3.5,14.2,64.0,25.9,23.9,SYNTHETIC_GENERATOR,HIGH,0.92
2023-09-12,rishop,15.5,16.3,12.4,8.9,3.7,10.2,62.3,15.4,18.2,SYNTHETIC_GENERATOR,HIGH,0.92
2023-09-12,mirik,33.3,29.6,27.0,29.5,3.0,9.4,67.9,34.7,27.3,SYNTHETIC_GENERATOR,HIGH,0.92
2023-09-13,darjeeling,52.6,51.7,50.2,47.0,2.5,14.7,73.2,55.5,44.0,SYNTHETIC_GENERATOR,HIGH,0.92
2023-09-13,kalimpong,41.2,36.9,35.0,40.4,2.7,8.8,66.7,36.9,32.4,SYNTHETIC_GENERATOR,HIGH,0.92
2023-09-13,lava,20.2,22.6,16.1,18.5,5.3,13.3,63.8,20.5,21.8,SYNTHETIC_GENERATOR,HIGH,0.92
2023-09-13,lolegaon,16.3,11.9,17.9,12.0,5.9,5.7,67.6,21.1,24.1,SYNTHETIC_GENERATOR,HIGH,0.92
2023-09-13,rishop,21.0,19.7,16.0,18.1,9.2,11.2,73.8,22.9,24.8,SYNTHETIC_GENERATOR,HIGH,0.92
2023-09-13,mirik,32.8,33.9,32.7,27.2,7.3,10.3,70.0,34.8,31.1,SYNTHETIC_GENERATOR,HIGH,0.92
2023-09-14,darjeeling,56.4,54.5,54.3,52.4,4.0,13.1,67.2,58.2,48.9,SYNTHETIC_GENERATOR,HIGH,0.92
2023-09-14,kalimpong,42.9,44.3,35.9,38.7,8.4,7.6,71.9,42.5,36.8,SYNTHETIC_GENERATOR,HIGH,0.92
2023-09-14,lava,24.0,20.3,25.7,20.8,3.2,6.0,68.5,21.8,23.5,SYNTHETIC_GENERATOR,HIGH,0.92
2023-09-14,lolegaon,18.6,14.1,14.4,16.2,9.4,5.7,65.8,22.0,17.8,SYNTHETIC_GENERATOR,HIGH,0.92
2023-09-14,rishop,17.5,19.0,13.3,15.1,2.2,14.4,63.4,15.5,21.2,SYNTHETIC_GENERATOR,HIGH,0.92
2023-09-14,mirik,35.6,34.2,32.0,34.8,4.3,11.1,64.0,31.7,29.7,SYNTHETIC_GENERATOR,HIGH,0.92
2023-09-15,darjeeling,63.6,58.8,63.2,51.8,15.4,25.1,68.5,87.0,61.8,SYNTHETIC_GENERATOR,HIGH,0.92
2023-09-15,kalimpong,48.8,47.1,56.8,38.0,7.3,27.0,73.8,63.9,50.3,SYNTHETIC_GENERATOR,HIGH,0.92
2023-09-15,lava,26.9,27.9,31.6,24.4,5.5,38.4,66.0,37.1,26.3,SYNTHETIC_GENERATOR,HIGH,0.92
2023-09-15,lolegaon,24.1,25.2,27.7,17.9,10.1,39.9,63.3,39.5,27.3,SYNTHETIC_GENERATOR,HIGH,0.92
2023-09-15,rishop,22.3,21.2,31.2,17.5,5.8,34.1,65.1,37.5,28.8,SYNTHETIC_GENERATOR,HIGH,0.92
2023-09-15,mirik,39.1,38.3,40.2,37.9,13.6,35.4,71.7,53.3,40.6,SYNTHETIC_GENERATOR,HIGH,0.92
2023-09-16,darjeeling,73.9,67.8,77.6,64.0,15.5,28.5,73.8,95.3,64.6,SYNTHETIC_GENERATOR,HIGH,0.92
2023-09-16,kalimpong,51.1,45.3,51.6,45.8,6.5,26.6,67.4,64.1,47.9,SYNTHETIC_GENERATOR,HIGH,0.92
2023-09-16,lava,26.6,27.2,34.0,24.2,14.3,31.5,63.5,41.7,35.4,SYNTHETIC_GENERATOR,HIGH,0.92
2023-09-16,lolegaon,27.4,29.3,30.9,23.8,5.4,27.3,64.3,37.7,29.9,SYNTHETIC_GENERATOR,HIGH,0.92
2023-09-16,rishop,21.7,23.2,26.0,16.0,11.5,34.9,66.8,37.6,28.7,SYNTHETIC_GENERATOR,HIGH,0.92
2023-09-16,mirik,43.2,44.3,47.1,36.2,16.9,33.5,70.4,53.8,45.0,SYNTHETIC_GENERATOR,HIGH,0.92
2023-09-17,darjeeling,71.3,70.7,72.9,62.6,17.8,27.2,72.6,92.3,59.7,SYNTHETIC_GENERATOR,HIGH,0.92
2023-09-17,kalimpong,53.0,51.6,56.1,49.3,13.2,35.7,71.6,67.5,47.9,SYNTHETIC_GENERATOR,HIGH,0.92
2023-09-17,lava,24.1,22.5,32.8,21.2,7.7,30.0,69.9,40.6,28.2,SYNTHETIC_GENERATOR,HIGH,0.92
2023-09-17,lolegaon,27.8,30.1,34.5,25.6,10.7,39.2,71.6,41.1,34.7,SYNTHETIC_GENERATOR,HIGH,0.92
2023-09-17,rishop,24.8,23.7,31.1,24.4,5.6,30.0,66.9,39.1,31.1,SYNTHETIC_GENERATOR,HIGH,0.92
2023-09-17,mirik,44.0,44.8,51.8,39.8,8.0,29.7,69.1,58.0,42.0,SYNTHETIC_GENERATOR,HIGH,0.92
2023-09-18,darjeeling,54.4,52.4,46.4,45.2,9.2,7.5,65.2,58.4,49.7,SYNTHETIC_GENERATOR,HIGH,0.92
2023-09-18,kalimpong,39.2,36.0,35.5,39.1,8.4,7.7,71.8,39.3,36.6,SYNTHETIC_GENERATOR,HIGH,0.92
2023-09-18,lava,21.0,19.8,22.9,21.4,7.1,8.1,69.2,17.1,24.2,SYNTHETIC_GENERATOR,HIGH,0.92
2023-09-18,lolegaon,20.9,17.9,16.2,15.7,9.9,10.6,65.9,21.0,21.5,SYNTHETIC_GENERATOR,HIGH,0.92
2023-09-18,rishop,15.9,16.4,11.3,15.5,9.6,5.2,63.6,18.4,18.5,SYNTHETIC_GENERATOR,HIGH,0.92
2023-09-18,mirik,33.6,30.9,34.2,26.6,3.3,6.0,73.2,31.3,33.6,SYNTHETIC_GENERATOR,HIGH,0.92
2023-09-19,darjeeling,56.1,53.1,48.2,54.2,9.0,13.5,62.0,57.7,46.8,SYNTHETIC_GENERATOR,HIGH,0.92
2023-09-19,kalimpong,42.7,43.9,36.2,37.1,3.0,12.7,71.4,41.6,33.2,SYNTHETIC_GENERATOR,HIGH,0.92
2023-09-19,lava,19.0,19.2,15.7,12.6,8.3,8.5,66.7,16.7,23.5,SYNTHETIC_GENERATOR,HIGH,0.92
2023-09-19,lolegaon,22.7,22.3,24.6,22.6,9.9,6.6,66.1,22.1,23.1,SYNTHETIC_GENERATOR,HIGH,0.92
2023-09-19,rishop,19.3,15.7,21.7,19.6,4.8,8.4,66.7,20.9,23.7,SYNTHETIC_GENERATOR,HIGH,0.92
2023-09-19,mirik,34.6,30.2,29.4,31.8,8.2,12.5,62.8,37.5,32.9,SYNTHETIC_GENERATOR,HIGH,0.92
2023-09-20,darjeeling,53.9,51.9,52.9,47.4,8.2,8.9,69.7,55.3,47.9,SYNTHETIC_GENERATOR,HIGH,0.92
2023-09-20,kalimpong,36.1,32.8,37.1,36.1,7.2,9.2,72.1,40.1,35.0,SYNTHETIC_GENERATOR,HIGH,0.92
2023-09-20,lava,24.1,19.3,24.9,22.2,6.5,6.2,63.6,22.9,27.1,SYNTHETIC_GENERATOR,HIGH,0.92
2023-09-20,lolegaon,18.7,18.6,13.5,19.8,4.5,8.1,71.9,17.3,20.6,SYNTHETIC_GENERATOR,HIGH,0.92
2023-09-20,rishop,20.5,15.7,17.3,22.7,3.1,7.6,66.6,17.0,19.4,SYNTHETIC_GENERATOR,HIGH,0.92
2023-09-20,mirik,29.4,27.9,23.6,24.0,4.4,5.2,73.8,28.0,29.0,SYNTHETIC_GENERATOR,HIGH,0.92
2023-09-21,darjeeling,57.3,56.8,56.2,51.5,8.8,8.6,63.1,59.0,45.3,SYNTHETIC_GENERATOR,HIGH,0.92
2023-09-21,kalimpong,37.4,32.9,36.8,30.2,4.2,13.4,68.6,37.7,37.3,SYNTHETIC_GENERATOR,HIGH,0.92
2023-09-21,lava,24.1,25.1,22.6,22.0,7.5,8.0,68.6,21.3,27.5,SYNTHETIC_GENERATOR,HIGH,0.92
2023-09-21,lolegaon,16.6,19.0,14.6,16.2,4.2,5.5,62.8,21.0,17.3,SYNTHETIC_GENERATOR,HIGH,0.92
2023-09-21,rishop,18.6,14.3,16.9,16.1,4.9,10.4,65.2,19.1,16.4,SYNTHETIC_GENERATOR,HIGH,0.92
2023-09-21,mirik,29.5,25.1,28.3,26.7,8.9,11.3,62.2,27.2,26.0,SYNTHETIC_GENERATOR,HIGH,0.92
2023-09-22,darjeeling,66.3,59.7,72.7,62.0,11.6,39.8,62.1,89.8,60.3,SYNTHETIC_GENERATOR,HIGH,0.92
2023-09-22,kalimpong,48.5,43.1,53.0,38.3,7.7,35.0,64.3,65.0,49.8,SYNTHETIC_GENERATOR,HIGH,0.92
2023-09-22,lava,24.5,22.3,31.3,25.7,8.7,28.7,72.3,36.0,27.9,SYNTHETIC_GENERATOR,HIGH,0.92
2023-09-22,lolegaon,23.3,25.7,28.7,17.4,8.3,26.9,64.2,39.3,30.8,SYNTHETIC_GENERATOR,HIGH,0.92
2023-09-22,rishop,18.8,19.0,22.4,11.9,18.0,36.2,70.8,35.3,29.1,SYNTHETIC_GENERATOR,HIGH,0.92
2023-09-22,mirik,41.6,39.7,47.5,38.8,15.8,25.2,63.3,54.1,42.9,SYNTHETIC_GENERATOR,HIGH,0.92
2023-09-23,darjeeling,71.3,68.8,75.9,66.4,9.2,31.2,69.9,95.8,63.1,SYNTHETIC_GENERATOR,HIGH,0.92
2023-09-23,kalimpong,54.5,48.9,57.0,51.7,16.2,34.9,67.9,73.4,52.7,SYNTHETIC_GENERATOR,HIGH,0.92
2023-09-23,lava,29.2,25.5,34.3,22.3,15.2,37.5,71.0,42.7,34.7,SYNTHETIC_GENERATOR,HIGH,0.92
2023-09-23,lolegaon,25.3,22.0,28.7,25.0,11.2,36.4,62.8,39.2,31.8,SYNTHETIC_GENERATOR,HIGH,0.92
2023-09-23,rishop,23.6,20.0,27.3,24.4,15.9,39.5,65.2,37.1,29.6,SYNTHETIC_GENERATOR,HIGH,0.92
2023-09-23,mirik,46.4,44.8,49.8,45.7,12.2,34.6,63.7,58.5,46.0,SYNTHETIC_GENERATOR,HIGH,0.92
2023-09-24,darjeeling,68.4,62.3,67.7,63.8,11.7,29.7,66.8,88.1,61.2,SYNTHETIC_GENERATOR,HIGH,0.92
2023-09-24,kalimpong,52.9,47.7,54.6,51.1,17.1,37.8,68.9,71.8,51.3,SYNTHETIC_GENERATOR,HIGH,0.92
2023-09-24,lava,30.6,29.8,40.0,22.0,17.5,29.9,70.3,43.9,35.5,SYNTHETIC_GENERATOR,HIGH,0.92
2023-09-24,lolegaon,22.9,18.4,27.5,22.8,8.3,37.1,69.0,38.9,29.8,SYNTHETIC_GENERATOR,HIGH,0.92
2023-09-24,rishop,24.4,26.6,31.0,20.0,9.9,34.4,72.7,36.4,32.8,SYNTHETIC_GENERATOR,HIGH,0.92
2023-09-24,mirik,43.2,40.9,47.7,37.3,12.3,35.3,63.2,60.9,42.1,SYNTHETIC_GENERATOR,HIGH,0.92
2023-09-25,darjeeling,53.9,53.6,47.2,46.6,10.0,5.7,70.2,61.5,44.6,SYNTHETIC_GENERATOR,HIGH,0.92
2023-09-25,kalimpong,41.3,36.6,34.8,33.9,9.3,9.1,73.9,41.8,36.2,SYNTHETIC_GENERATOR,HIGH,0.92
2023-09-25,lava,24.3,26.0,19.1,25.6,6.9,5.9,65.0,23.9,24.2,SYNTHETIC_GENERATOR,HIGH,0.92
2023-09-25,lolegaon,18.0,16.7,14.8,12.5,8.1,12.3,73.1,18.4,15.6,SYNTHETIC_GENERATOR,HIGH,0.92
2023-09-25,rishop,21.4,22.5,22.8,14.8,6.0,7.3,68.9,16.4,20.5,SYNTHETIC_GENERATOR,HIGH,0.92
2023-09-25,mirik,34.2,32.6,28.8,32.5,9.8,10.7,70.0,30.8,26.4,SYNTHETIC_GENERATOR,HIGH,0.92
2023-09-26,darjeeling,58.1,52.5,49.8,47.9,8.6,7.0,65.5,58.1,42.8,SYNTHETIC_GENERATOR,HIGH,0.92
2023-09-26,kalimpong,36.3,35.9,35.2,30.6,8.1,12.6,72.0,35.9,34.8,SYNTHETIC_GENERATOR,HIGH,0.92
2023-09-26,lava,22.9,24.2,18.3,18.9,3.4,5.4,64.1,24.8,21.9,SYNTHETIC_GENERATOR,HIGH,0.92
2023-09-26,lolegaon,17.4,12.9,15.3,14.7,7.6,6.7,70.6,19.7,20.2,SYNTHETIC_GENERATOR,HIGH,0.92
2023-09-26,rishop,20.7,19.7,22.3,19.1,9.7,10.9,66.0,19.5,24.3,SYNTHETIC_GENERATOR,HIGH,0.92
2023-09-26,mirik,33.5,29.2,30.4,26.2,8.7,9.5,65.8,33.6,27.4,SYNTHETIC_GENERATOR,HIGH,0.92
2023-09-27,darjeeling,58.8,57.7,56.8,48.7,4.4,12.7,67.6,59.0,44.8,SYNTHETIC_GENERATOR,HIGH,0.92
2023-09-27,kalimpong,37.0,31.2,35.9,32.9,8.9,10.6,66.7,38.3,31.3,SYNTHETIC_GENERATOR,HIGH,0.92
2023-09-27,lava,23.1,24.2,17.7,17.1,9.0,13.0,64.9,18.6,24.7,SYNTHETIC_GENERATOR,HIGH,0.92
2023-09-27,lolegaon,16.8,16.1,12.1,15.0,2.7,7.6,68.6,20.2,17.0,SYNTHETIC_GENERATOR,HIGH,0.92
2023-09-27,rishop,14.8,13.8,16.3,9.4,8.3,12.0,63.1,12.8,15.8,SYNTHETIC_GENERATOR,HIGH,0.92
2023-09-27,mirik,33.3,27.9,32.7,28.9,7.5,14.9,66.1,28.8,31.0,SYNTHETIC_GENERATOR,HIGH,0.92
2023-09-28,darjeeling,52.4,45.5,49.5,41.4,8.5,5.3,65.9,58.3,44.0,SYNTHETIC_GENERATOR,HIGH,0.92
2023-09-28,kalimpong,36.7,32.0,37.4,28.3,8.3,10.4,66.5,39.1,30.4,SYNTHETIC_GENERATOR,HIGH,0.92
2023-09-28,lava,23.3,22.7,23.2,25.4,4.5,11.7,71.5,22.4,24.6,SYNTHETIC_GENERATOR,HIGH,0.92
2023-09-28,lolegaon,17.4,16.7,13.2,17.0,6.3,7.9,68.3,20.2,21.8,SYNTHETIC_GENERATOR,HIGH,0.92
2023-09-28,rishop,15.6,17.3,12.7,14.9,2.3,8.8,62.5,15.7,21.0,SYNTHETIC_GENERATOR,HIGH,0.92
2023-09-28,mirik,28.9,25.3,24.6,23.9,4.7,8.6,68.2,29.3,27.2,SYNTHETIC_GENERATOR,HIGH,0.92
2023-09-29,darjeeling,64.1,60.8,64.9,52.9,8.5,28.4,65.9,88.9,54.7,SYNTHETIC_GENERATOR,HIGH,0.92
2023-09-29,kalimpong,48.6,44.7,49.0,44.9,13.1,25.8,64.5,64.1,48.8,SYNTHETIC_GENERATOR,HIGH,0.92
2023-09-29,lava,28.1,26.9,34.8,27.6,5.2,34.4,69.6,45.2,35.2,SYNTHETIC_GENERATOR,HIGH,0.92
2023-09-29,lolegaon,20.3,17.2,23.1,14.1,10.1,37.5,63.5,36.4,26.4,SYNTHETIC_GENERATOR,HIGH,0.92
2023-09-29,rishop,21.7,16.4,29.0,16.7,16.1,27.7,73.4,35.9,31.2,SYNTHETIC_GENERATOR,HIGH,0.92
2023-09-29,mirik,37.5,37.4,42.7,28.6,8.5,27.3,62.8,54.8,37.5,SYNTHETIC_GENERATOR,HIGH,0.92
2023-09-30,darjeeling,74.6,68.5,74.0,66.4,13.7,36.0,66.9,94.8,65.2,SYNTHETIC_GENERATOR,HIGH,0.92
2023-09-30,kalimpong,55.1,50.7,60.5,48.8,7.8,29.6,71.3,66.9,53.0,SYNTHETIC_GENERATOR,HIGH,0.92
2023-09-30,lava,32.2,32.8,36.0,33.2,10.1,30.3,71.0,46.7,37.0,SYNTHETIC_GENERATOR,HIGH,0.92
2023-09-30,lolegaon,26.1,22.4,33.4,21.4,13.9,29.4,73.5,43.5,32.1,SYNTHETIC_GENERATOR,HIGH,0.92
2023-09-30,rishop,21.7,17.1,27.0,18.2,8.6,29.4,68.9,38.4,23.2,SYNTHETIC_GENERATOR,HIGH,0.92
2023-09-30,mirik,46.3,45.4,49.5,41.3,11.5,27.7,73.8,58.9,45.3,SYNTHETIC_GENERATOR,HIGH,0.92
2023-10-01,darjeeling,100.0,93.7,100.0,83.6,13.9,25.6,92.2,100.0,81.6,SYNTHETIC_GENERATOR,HIGH,0.92
2023-10-01,kalimpong,77.2,70.2,81.1,66.5,15.8,28.9,87.8,90.5,66.5,SYNTHETIC_GENERATOR,HIGH,0.92
2023-10-01,lava,40.1,35.5,42.0,31.3,6.2,34.0,90.3,52.2,42.3,SYNTHETIC_GENERATOR,HIGH,0.92
2023-10-01,lolegaon,37.9,33.2,43.6,34.7,7.6,28.3,88.9,47.4,37.6,SYNTHETIC_GENERATOR,HIGH,0.92
2023-10-01,rishop,32.3,33.4,40.6,30.7,17.4,38.8,91.3,43.5,40.4,SYNTHETIC_GENERATOR,HIGH,0.92
2023-10-01,mirik,60.4,56.5,63.6,52.2,12.2,38.0,94.7,67.7,55.0,SYNTHETIC_GENERATOR,HIGH,0.92
2023-10-02,darjeeling,87.7,85.0,84.7,72.5,2.9,12.8,85.3,86.6,64.9,SYNTHETIC_GENERATOR,HIGH,0.92
2023-10-02,kalimpong,62.0,57.3,56.8,56.6,4.1,7.8,95.7,55.0,48.2,SYNTHETIC_GENERATOR,HIGH,0.92
2023-10-02,lava,36.4,33.5,29.5,33.2,3.7,8.7,93.5,29.1,35.0,SYNTHETIC_GENERATOR,HIGH,0.92
2023-10-02,lolegaon,28.9,24.2,26.8,28.2,4.3,10.4,86.7,25.7,29.5,SYNTHETIC_GENERATOR,HIGH,0.92
2023-10-02,rishop,28.8,29.8,27.2,27.9,5.3,6.7,92.7,29.2,28.5,SYNTHETIC_GENERATOR,HIGH,0.92
2023-10-02,mirik,49.2,45.9,43.9,42.5,2.7,14.3,92.3,48.2,41.6,SYNTHETIC_GENERATOR,HIGH,0.92
2023-10-03,darjeeling,88.5,83.3,80.7,80.4,8.6,11.3,93.3,89.1,68.4,SYNTHETIC_GENERATOR,HIGH,0.92
2023-10-03,kalimpong,63.3,61.8,54.6,57.6,2.9,6.3,93.4,55.3,51.4,SYNTHETIC_GENERATOR,HIGH,0.92
2023-10-03,lava,31.6,27.2,33.0,28.0,3.6,8.9,94.6,25.2,31.4,SYNTHETIC_GENERATOR,HIGH,0.92
2023-10-03,lolegaon,29.5,27.4,25.7,28.4,2.8,6.8,86.6,30.1,29.0,SYNTHETIC_GENERATOR,HIGH,0.92
2023-10-03,rishop,28.0,28.9,25.8,21.5,6.6,9.9,94.2,24.5,24.9,SYNTHETIC_GENERATOR,HIGH,0.92
2023-10-03,mirik,53.0,53.7,51.4,44.5,9.7,6.2,87.6,48.9,44.1,SYNTHETIC_GENERATOR,HIGH,0.92
2023-10-04,darjeeling,92.0,90.4,86.9,79.4,3.9,13.6,95.0,95.6,71.7,SYNTHETIC_GENERATOR,HIGH,0.92
2023-10-04,kalimpong,61.8,59.3,57.8,50.6,2.8,8.7,92.3,54.1,50.0,SYNTHETIC_GENERATOR,HIGH,0.92
2023-10-04,lava,37.1,34.9,38.1,33.5,2.5,7.9,90.9,36.0,34.9,SYNTHETIC_GENERATOR,HIGH,0.92
2023-10-04,lolegaon,30.2,30.8,27.0,27.6,6.6,14.4,89.0,28.4,28.9,SYNTHETIC_GENERATOR,HIGH,0.92
2023-10-04,rishop,31.2,32.3,30.0,30.8,7.1,12.6,93.0,28.8,33.0,SYNTHETIC_GENERATOR,HIGH,0.92
2023-10-04,mirik,49.3,46.5,42.5,46.2,6.6,11.4,90.8,42.6,38.3,SYNTHETIC_GENERATOR,HIGH,0.92
2023-10-05,darjeeling,90.4,83.3,85.3,83.4,6.6,12.9,94.3,95.8,73.8,SYNTHETIC_GENERATOR,HIGH,0.92
2023-10-05,kalimpong,66.2,64.7,58.7,61.1,8.2,9.3,90.8,65.3,54.5,SYNTHETIC_GENERATOR,HIGH,0.92
2023-10-05,lava,31.7,30.8,25.3,28.5,3.2,11.4,89.5,27.9,33.1,SYNTHETIC_GENERATOR,HIGH,0.92
2023-10-05,lolegaon,29.6,25.6,27.7,31.0,3.8,11.1,87.9,28.3,28.1,SYNTHETIC_GENERATOR,HIGH,0.92
2023-10-05,rishop,31.9,31.2,32.5,28.3,7.3,10.6,84.2,30.4,31.9,SYNTHETIC_GENERATOR,HIGH,0.92
2023-10-05,mirik,51.1,47.3,48.3,49.8,9.2,10.7,89.2,43.1,44.5,SYNTHETIC_GENERATOR,HIGH,0.92
2023-10-06,darjeeling,100.0,96.3,99.2,90.6,12.1,27.2,91.9,100.0,78.8,SYNTHETIC_GENERATOR,HIGH,0.92
2023-10-06,kalimpong,69.7,66.6,75.5,58.5,12.3,37.1,85.2,85.2,63.0,SYNTHETIC_GENERATOR,HIGH,0.92
2023-10-06,lava,41.5,41.1,48.6,34.7,9.4,38.9,85.4,54.2,45.0,SYNTHETIC_GENERATOR,HIGH,0.92
2023-10-06,lolegaon,32.9,31.6,40.5,32.4,8.5,38.5,94.3,47.8,38.1,SYNTHETIC_GENERATOR,HIGH,0.92
2023-10-06,rishop,30.1,30.3,31.7,28.2,11.7,34.0,94.9,41.0,37.9,SYNTHETIC_GENERATOR,HIGH,0.92
2023-10-06,mirik,61.6,57.0,62.3,50.0,7.5,34.2,93.9,75.2,57.0,SYNTHETIC_GENERATOR,HIGH,0.92
2023-10-07,darjeeling,100.0,97.6,99.0,83.6,13.4,26.2,91.6,100.0,80.9,SYNTHETIC_GENERATOR,HIGH,0.92
2023-10-07,kalimpong,77.2,70.0,80.1,64.9,12.6,31.6,88.9,86.0,66.1,SYNTHETIC_GENERATOR,HIGH,0.92
2023-10-07,lava,44.4,39.5,47.1,34.2,11.4,31.6,87.4,50.9,43.2,SYNTHETIC_GENERATOR,HIGH,0.92
2023-10-07,lolegaon,36.4,33.4,44.4,33.7,12.8,30.2,90.7,44.5,38.2,SYNTHETIC_GENERATOR,HIGH,0.92
2023-10-07,rishop,38.6,38.1,46.1,38.2,17.0,39.7,90.8,51.4,48.2,SYNTHETIC_GENERATOR,HIGH,0.92
2023-10-07,mirik,60.9,60.7,65.4,51.2,17.6,28.0,89.4,68.7,58.5,SYNTHETIC_GENERATOR,HIGH,0.92
2023-10-08,darjeeling,100.0,97.5,98.9,92.3,7.6,38.7,88.8,100.0,84.4,SYNTHETIC_GENERATOR,HIGH,0.92
2023-10-08,kalimpong,72.2,71.8,77.7,65.3,6.0,27.5,88.6,82.4,63.3,SYNTHETIC_GENERATOR,HIGH,0.92
2023-10-08,lava,40.3,40.5,48.9,33.6,11.1,33.2,95.7,49.6,45.1,SYNTHETIC_GENERATOR,HIGH,0.92
2023-10-08,lolegaon,39.9,37.9,43.2,36.0,14.4,27.5,90.9,46.7,44.3,SYNTHETIC_GENERATOR,HIGH,0.92
2023-10-08,rishop,36.8,32.9,38.2,35.6,10.6,29.3,84.6,46.3,37.4,SYNTHETIC_GENERATOR,HIGH,0.92
2023-10-08,mirik,60.5,57.1,67.1,57.3,14.6,32.5,90.2,75.0,54.6,SYNTHETIC_GENERATOR,HIGH,0.92
2023-10-09,darjeeling,86.9,84.4,81.1,80.3,9.2,10.9,93.9,85.7,71.1,SYNTHETIC_GENERATOR,HIGH,0.92
2023-10-09,kalimpong,67.1,60.4,62.1,61.4,5.9,12.3,91.3,60.2,57.1,SYNTHETIC_GENERATOR,HIGH,0.92
2023-10-09,lava,34.3,34.9,34.6,30.6,9.0,13.5,86.1,31.9,34.1,SYNTHETIC_GENERATOR,HIGH,0.92
2023-10-09,lolegaon,30.0,30.2,31.3,21.6,8.3,10.9,92.6,26.7,31.6,SYNTHETIC_GENERATOR,HIGH,0.92
2023-10-09,rishop,30.3,32.4,27.5,28.7,5.2,14.4,86.8,26.0,31.2,SYNTHETIC_GENERATOR,HIGH,0.92
2023-10-09,mirik,54.2,49.9,45.9,48.1,2.7,13.4,86.2,50.4,43.9,SYNTHETIC_GENERATOR,HIGH,0.92
2023-10-10,darjeeling,88.7,80.7,85.5,79.8,7.3,5.1,88.0,94.5,73.5,SYNTHETIC_GENERATOR,HIGH,0.92
2023-10-10,kalimpong,63.1,56.5,54.6,57.0,9.5,5.7,90.8,57.6,49.8,SYNTHETIC_GENERATOR,HIGH,0.92
2023-10-10,lava,34.1,31.7,32.1,25.4,6.7,12.7,87.2,29.8,30.9,SYNTHETIC_GENERATOR,HIGH,0.92
2023-10-10,lolegaon,32.2,26.4,26.9,32.3,2.3,8.3,84.4,29.8,28.9,SYNTHETIC_GENERATOR,HIGH,0.92
2023-10-10,rishop,30.6,30.1,28.5,31.7,6.8,11.9,90.1,25.3,34.3,SYNTHETIC_GENERATOR,HIGH,0.92
2023-10-10,mirik,51.1,49.9,47.1,46.3,7.2,7.8,89.4,47.3,47.7,SYNTHETIC_GENERATOR,HIGH,0.92
2023-10-11,darjeeling,89.6,86.7,85.7,80.8,5.5,8.6,86.1,94.6,69.8,SYNTHETIC_GENERATOR,HIGH,0.92
2023-10-11,kalimpong,61.7,60.2,58.0,49.6,6.9,7.7,93.4,61.5,53.2,SYNTHETIC_GENERATOR,HIGH,0.92
2023-10-11,lava,31.7,30.8,33.0,27.8,6.3,8.8,85.8,29.5,33.9,SYNTHETIC_GENERATOR,HIGH,0.92
2023-10-11,lolegaon,33.4,28.6,33.4,27.6,6.6,9.9,93.0,32.1,31.5,SYNTHETIC_GENERATOR,HIGH,0.92
2023-10-11,rishop,29.2,28.9,22.9,27.1,7.5,12.9,88.4,27.5,32.3,SYNTHETIC_GENERATOR,HIGH,0.92
2023-10-11,mirik,54.8,53.6,49.5,50.5,4.7,9.6,84.5,51.2,44.1,SYNTHETIC_GENERATOR,HIGH,0.92
2023-10-12,darjeeling,87.6,85.5,78.0,79.6,8.8,7.7,86.2,89.7,67.2,SYNTHETIC_GENERATOR,HIGH,0.92
2023-10-12,kalimpong,61.3,60.2,57.3,50.8,4.0,14.5,92.2,59.4,52.4,SYNTHETIC_GENERATOR,HIGH,0.92
2023-10-12,lava,37.2,37.3,36.9,30.0,9.5,10.5,94.8,33.2,38.0,SYNTHETIC_GENERATOR,HIGH,0.92
2023-10-12,lolegaon,30.2,29.9,31.1,23.4,8.1,12.2,95.2,24.9,32.7,SYNTHETIC_GENERATOR,HIGH,0.92
2023-10-12,rishop,32.1,29.3,33.3,25.0,9.6,7.2,92.3,26.8,29.0,SYNTHETIC_GENERATOR,HIGH,0.92
2023-10-12,mirik,49.4,49.3,49.0,39.5,7.7,8.7,84.3,46.7,41.1,SYNTHETIC_GENERATOR,HIGH,0.92
2023-10-13,darjeeling,99.0,96.7,100.0,87.7,5.2,29.8,89.9,100.0,81.3,SYNTHETIC_GENERATOR,HIGH,0.92
2023-10-13,kalimpong,68.7,65.6,68.2,62.2,11.7,33.7,95.1,78.6,61.0,SYNTHETIC_GENERATOR,HIGH,0.92
2023-10-13,lava,38.7,36.3,40.0,34.3,14.2,33.7,87.2,45.7,41.8,SYNTHETIC_GENERATOR,HIGH,0.92
2023-10-13,lolegaon,34.1,30.7,39.0,28.3,9.3,26.6,92.7,45.0,36.7,SYNTHETIC_GENERATOR,HIGH,0.92
2023-10-13,rishop,35.2,35.6,40.2,34.4,11.8,28.6,89.1,48.3,45.6,SYNTHETIC_GENERATOR,HIGH,0.92
2023-10-13,mirik,56.6,56.0,61.6,51.2,6.4,39.3,93.5,64.8,56.5,SYNTHETIC_GENERATOR,HIGH,0.92
2023-10-14,darjeeling,100.0,93.7,100.0,92.5,6.6,33.9,89.7,100.0,81.2,SYNTHETIC_GENERATOR,HIGH,0.92
2023-10-14,kalimpong,77.6,71.1,76.4,71.7,11.8,37.8,88.2,86.5,66.5,SYNTHETIC_GENERATOR,HIGH,0.92
2023-10-14,lava,40.3,36.5,47.5,38.6,10.6,25.9,87.9,52.8,39.0,SYNTHETIC_GENERATOR,HIGH,0.92
2023-10-14,lolegaon,38.5,35.7,41.8,30.6,11.4,30.1,88.0,51.2,40.9,SYNTHETIC_GENERATOR,HIGH,0.92
2023-10-14,rishop,37.2,35.3,40.9,33.6,17.5,36.9,87.8,48.7,40.9,SYNTHETIC_GENERATOR,HIGH,0.92
2023-10-14,mirik,61.6,61.6,68.0,58.9,15.6,31.4,88.0,69.7,57.6,SYNTHETIC_GENERATOR,HIGH,0.92
2023-10-15,darjeeling,100.0,97.1,96.3,91.0,9.8,28.4,91.8,100.0,82.2,SYNTHETIC_GENERATOR,HIGH,0.92
2023-10-15,kalimpong,76.9,75.4,81.4,70.7,16.3,26.0,84.1,87.3,67.6,SYNTHETIC_GENERATOR,HIGH,0.92
2023-10-15,lava,37.5,32.9,43.6,33.6,7.4,26.5,87.6,51.4,38.2,SYNTHETIC_GENERATOR,HIGH,0.92
2023-10-15,lolegaon,37.8,39.5,42.7,33.3,16.1,39.9,86.7,48.4,42.5,SYNTHETIC_GENERATOR,HIGH,0.92
2023-10-15,rishop,35.2,32.6,44.0,32.4,6.9,25.1,88.4,45.7,38.8,SYNTHETIC_GENERATOR,HIGH,0.92
2023-10-15,mirik,60.3,54.4,67.1,53.3,15.5,27.6,90.5,74.1,55.7,SYNTHETIC_GENERATOR,HIGH,0.92
2023-10-16,darjeeling,91.6,83.6,80.8,77.6,3.1,13.4,84.1,91.8,71.8,SYNTHETIC_GENERATOR,HIGH,0.92
2023-10-16,kalimpong,60.4,53.5,53.5,50.8,3.3,12.2,89.6,52.9,49.8,SYNTHETIC_GENERATOR,HIGH,0.92
2023-10-16,lava,32.5,30.3,30.0,24.5,5.6,12.9,94.8,29.0,30.5,SYNTHETIC_GENERATOR,HIGH,0.92
2023-10-16,lolegaon,30.9,30.1,28.3,26.0,8.9,14.4,87.9,28.9,34.7,SYNTHETIC_GENERATOR,HIGH,0.92
2023-10-16,rishop,29.1,29.6,28.1,25.1,9.2,10.5,92.8,25.0,29.2,SYNTHETIC_GENERATOR,HIGH,0.92
2023-10-16,mirik,51.8,45.7,47.4,41.2,7.5,7.0,93.4,49.3,43.6,SYNTHETIC_GENERATOR,HIGH,0.92
2023-10-17,darjeeling,92.9,88.6,89.2,86.3,9.4,8.3,86.1,95.2,71.1,SYNTHETIC_GENERATOR,HIGH,0.92
2023-10-17,kalimpong,65.5,64.6,63.9,60.0,8.4,11.6,91.0,62.1,54.3,SYNTHETIC_GENERATOR,HIGH,0.92
2023-10-17,lava,33.0,31.4,28.3,25.7,7.2,12.0,86.9,30.1,32.8,SYNTHETIC_GENERATOR,HIGH,0.92
2023-10-17,lolegaon,32.3,28.8,29.1,28.3,7.2,12.4,94.6,26.7,30.9,SYNTHETIC_GENERATOR,HIGH,0.92
2023-10-17,rishop,31.2,27.6,32.2,28.2,4.1,7.5,93.7,29.6,28.7,SYNTHETIC_GENERATOR,HIGH,0.92
2023-10-17,mirik,50.0,46.6,48.6,47.6,5.5,6.9,86.1,42.6,40.5,SYNTHETIC_GENERATOR,HIGH,0.92
2023-10-18,darjeeling,86.8,79.6,83.1,76.1,6.2,10.0,85.4,88.7,70.0,SYNTHETIC_GENERATOR,HIGH,0.92
2023-10-18,kalimpong,64.4,61.0,62.6,54.1,3.2,13.1,93.0,56.9,51.9,SYNTHETIC_GENERATOR,HIGH,0.92
2023-10-18,lava,36.9,33.9,36.3,36.1,6.4,6.7,94.6,30.5,32.2,SYNTHETIC_GENERATOR,HIGH,0.92
2023-10-18,lolegaon,35.0,36.0,32.3,30.9,6.6,8.5,86.5,32.9,32.7,SYNTHETIC_GENERATOR,HIGH,0.92
2023-10-18,rishop,30.4,27.6,28.1,23.6,7.1,8.9,84.7,29.5,29.8,SYNTHETIC_GENERATOR,HIGH,0.92
2023-10-18,mirik,54.1,48.5,48.0,45.6,9.4,11.5,93.8,52.1,38.8,SYNTHETIC_GENERATOR,HIGH,0.92
2023-10-19,darjeeling,90.4,81.9,79.7,82.9,3.3,7.1,92.7,95.4,71.0,SYNTHETIC_GENERATOR,HIGH,0.92
2023-10-19,kalimpong,61.3,58.2,58.6,56.2,6.7,8.5,84.3,55.9,50.3,SYNTHETIC_GENERATOR,HIGH,0.92
2023-10-19,lava,34.6,33.8,33.7,27.4,6.9,7.0,84.1,30.0,30.9,SYNTHETIC_GENERATOR,HIGH,0.92
2023-10-19,lolegaon,32.6,27.4,33.7,25.1,2.4,6.5,85.8,26.9,30.4,SYNTHETIC_GENERATOR,HIGH,0.92
2023-10-19,rishop,26.3,26.2,25.8,22.7,5.7,11.6,84.6,24.7,27.9,SYNTHETIC_GENERATOR,HIGH,0.92
2023-10-19,mirik,49.5,45.8,42.6,40.4,3.0,12.2,89.4,47.4,41.3,SYNTHETIC_GENERATOR,HIGH,0.92
2023-10-20,darjeeling,100.0,97.4,100.0,100.0,7.6,88.6,92.8,100.0,86.4,SYNTHETIC_GENERATOR,HIGH,0.92
2023-10-20,kalimpong,94.4,89.0,96.1,94.6,16.4,89.6,93.3,100.0,85.3,SYNTHETIC_GENERATOR,HIGH,0.92
2023-10-20,lava,50.4,45.6,51.2,54.2,15.3,88.9,91.5,55.2,55.2,SYNTHETIC_GENERATOR,HIGH,0.92
2023-10-20,lolegaon,43.6,44.8,45.3,48.2,6.7,89.7,91.1,54.7,52.1,SYNTHETIC_GENERATOR,HIGH,0.92
2023-10-20,rishop,38.1,39.6,44.8,48.9,5.9,89.2,91.9,50.0,50.2,SYNTHETIC_GENERATOR,HIGH,0.92
2023-10-20,mirik,76.3,68.7,79.8,79.1,5.2,86.0,95.6,81.4,75.7,SYNTHETIC_GENERATOR,HIGH,0.92
2023-10-21,darjeeling,100.0,93.4,98.9,98.3,9.8,91.0,95.1,100.0,93.4,SYNTHETIC_GENERATOR,HIGH,0.92
2023-10-21,kalimpong,100.0,96.2,96.2,100.0,17.1,91.6,88.3,100.0,89.4,SYNTHETIC_GENERATOR,HIGH,0.92
2023-10-21,lava,51.6,48.5,52.0,58.4,5.8,93.1,95.6,58.4,57.2,SYNTHETIC_GENERATOR,HIGH,0.92
2023-10-21,lolegaon,44.8,39.1,47.5,52.9,16.7,91.2,87.1,56.8,52.7,SYNTHETIC_GENERATOR,HIGH,0.92
2023-10-21,rishop,45.5,44.2,51.0,49.3,14.2,90.9,87.0,49.9,49.1,SYNTHETIC_GENERATOR,HIGH,0.92
2023-10-21,mirik,82.8,77.8,87.5,86.3,9.8,94.0,87.7,86.2,74.7,SYNTHETIC_GENERATOR,HIGH,0.92
2023-10-22,darjeeling,100.0,95.4,100.0,98.7,10.5,93.4,87.0,100.0,91.6,SYNTHETIC_GENERATOR,HIGH,0.92
2023-10-22,kalimpong,98.6,92.2,95.6,99.3,15.0,96.5,90.2,100.0,90.7,SYNTHETIC_GENERATOR,HIGH,0.92
2023-10-22,lava,47.7,48.1,54.2,54.5,6.3,94.5,93.2,52.8,56.7,SYNTHETIC_GENERATOR,HIGH,0.92
2023-10-22,lolegaon,44.9,42.3,51.8,53.2,10.8,93.2,84.4,55.8,55.6,SYNTHETIC_GENERATOR,HIGH,0.92
2023-10-22,rishop,44.4,43.4,48.6,48.0,5.6,94.8,87.0,51.8,51.9,SYNTHETIC_GENERATOR,HIGH,0.92
2023-10-22,mirik,76.4,74.8,77.2,79.5,8.6,94.0,93.6,81.9,75.0,SYNTHETIC_GENERATOR,HIGH,0.92
2023-10-23,darjeeling,100.0,90.2,92.5,96.8,6.3,96.1,88.3,100.0,84.6,SYNTHETIC_GENERATOR,HIGH,0.92
2023-10-23,kalimpong,82.8,74.8,72.2,81.9,7.4,97.9,86.4,74.8,73.8,SYNTHETIC_GENERATOR,HIGH,0.92
2023-10-23,lava,45.8,46.4,41.7,49.8,5.5,95.5,93.9,35.5,47.6,SYNTHETIC_GENERATOR,HIGH,0.92
2023-10-23,lolegaon,40.6,39.8,37.2,43.0,9.8,95.5,89.1,33.6,45.1,SYNTHETIC_GENERATOR,HIGH,0.92
2023-10-23,rishop,33.6,32.3,33.0,44.5,2.4,96.4,92.0,26.1,42.3,SYNTHETIC_GENERATOR,HIGH,0.92
2023-10-23,mirik,68.9,65.5,63.7,77.0,2.5,97.1,93.1,64.1,66.7,SYNTHETIC_GENERATOR,HIGH,0.92
2023-10-24,darjeeling,100.0,92.2,88.0,97.5,10.0,87.8,93.4,97.6,83.5,SYNTHETIC_GENERATOR,HIGH,0.92
2023-10-24,kalimpong,88.3,81.4,83.9,92.9,9.4,89.5,91.3,84.1,77.3,SYNTHETIC_GENERATOR,HIGH,0.92
2023-10-24,lava,44.5,43.0,38.5,52.1,7.5,91.6,88.6,38.4,48.0,SYNTHETIC_GENERATOR,HIGH,0.92
2023-10-24,lolegaon,37.5,32.0,32.2,42.9,2.4,89.9,87.2,30.7,44.3,SYNTHETIC_GENERATOR,HIGH,0.92
2023-10-24,rishop,32.5,29.1,27.4,43.0,9.7,90.8,91.1,29.0,47.3,SYNTHETIC_GENERATOR,HIGH,0.92
2023-10-24,mirik,67.5,59.6,63.8,75.5,3.3,89.7,95.9,61.4,60.5,SYNTHETIC_GENERATOR,HIGH,0.92
2023-10-25,darjeeling,86.6,81.1,79.8,79.4,6.3,6.7,85.1,85.0,69.4,SYNTHETIC_GENERATOR,HIGH,0.92
2023-10-25,kalimpong,60.5,59.3,56.7,49.2,9.4,14.4,95.3,59.2,54.9,SYNTHETIC_GENERATOR,HIGH,0.92
2023-10-25,lava,32.9,32.4,32.3,29.7,6.8,13.8,93.4,29.0,34.0,SYNTHETIC_GENERATOR,HIGH,0.92
2023-10-25,lolegaon,35.2,36.8,34.2,31.4,7.0,14.6,95.1,31.2,36.3,SYNTHETIC_GENERATOR,HIGH,0.92
2023-10-25,rishop,31.2,32.1,32.5,31.7,9.2,8.0,85.7,29.4,27.9,SYNTHETIC_GENERATOR,HIGH,0.92
2023-10-25,mirik,51.2,48.2,50.5,45.8,5.5,10.1,89.3,43.1,45.4,SYNTHETIC_GENERATOR,HIGH,0.92
2023-10-26,darjeeling,87.6,84.8,78.7,72.6,5.8,9.7,85.1,92.3,70.0,SYNTHETIC_GENERATOR,HIGH,0.92
2023-10-26,kalimpong,60.9,58.0,52.8,55.1,2.7,6.6,94.7,58.6,48.7,SYNTHETIC_GENERATOR,HIGH,0.92
2023-10-26,lava,35.4,35.6,33.4,30.4,9.2,6.5,92.7,30.4,37.2,SYNTHETIC_GENERATOR,HIGH,0.92
2023-10-26,lolegaon,34.3,33.6,28.0,25.6,4.8,12.1,87.1,32.8,31.1,SYNTHETIC_GENERATOR,HIGH,0.92
2023-10-26,rishop,31.0,28.5,27.4,22.7,9.2,11.4,86.1,25.5,32.4,SYNTHETIC_GENERATOR,HIGH,0.92
2023-10-26,mirik,52.6,48.1,47.4,42.4,9.4,10.8,94.3,49.4,43.2,SYNTHETIC_GENERATOR,HIGH,0.92
2023-10-27,darjeeling,99.9,91.4,100.0,91.8,17.0,35.5,87.4,100.0,80.6,SYNTHETIC_GENERATOR,HIGH,0.92
2023-10-27,kalimpong,69.2,65.9,67.9,60.4,9.1,26.0,84.1,82.6,61.9,SYNTHETIC_GENERATOR,HIGH,0.92
2023-10-27,lava,36.0,31.0,45.0,30.2,14.9,37.4,88.9,47.8,42.9,SYNTHETIC_GENERATOR,HIGH,0.92
2023-10-27,lolegaon,35.9,36.1,38.8,31.9,11.9,32.5,91.4,50.4,42.8,SYNTHETIC_GENERATOR,HIGH,0.92
2023-10-27,rishop,30.0,26.3,35.4,31.3,14.8,31.7,90.9,41.2,36.2,SYNTHETIC_GENERATOR,HIGH,0.92
2023-10-27,mirik,56.8,51.1,62.9,50.8,14.8,35.9,88.3,70.8,54.7,SYNTHETIC_GENERATOR,HIGH,0.92
2023-10-28,darjeeling,100.0,96.5,100.0,91.7,14.3,26.6,86.6,100.0,83.0,SYNTHETIC_GENERATOR,HIGH,0.92
2023-10-28,kalimpong,81.2,72.7,80.7,72.0,6.2,30.0,94.0,88.4,67.4,SYNTHETIC_GENERATOR,HIGH,0.92
2023-10-28,lava,40.5,41.3,43.5,33.7,6.9,26.9,85.2,49.3,42.9,SYNTHETIC_GENERATOR,HIGH,0.92
2023-10-28,lolegaon,37.4,31.4,42.9,31.9,5.8,36.3,89.8,51.8,41.2,SYNTHETIC_GENERATOR,HIGH,0.92
2023-10-28,rishop,37.7,37.6,39.7,30.8,12.0,36.3,91.6,47.7,44.9,SYNTHETIC_GENERATOR,HIGH,0.92
2023-10-28,mirik,66.8,62.5,69.9,54.8,6.0,29.1,90.2,80.7,59.0,SYNTHETIC_GENERATOR,HIGH,0.92
2023-10-29,darjeeling,100.0,96.7,100.0,92.2,13.1,39.2,90.6,100.0,79.2,SYNTHETIC_GENERATOR,HIGH,0.92
2023-10-29,kalimpong,72.5,72.0,73.9,65.0,10.7,39.0,88.6,83.4,64.6,SYNTHETIC_GENERATOR,HIGH,0.92
2023-10-29,lava,43.5,37.6,46.7,35.9,9.1,34.9,85.3,53.9,43.2,SYNTHETIC_GENERATOR,HIGH,0.92
2023-10-29,lolegaon,34.1,33.6,39.2,28.6,14.1,30.7,92.3,44.9,36.1,SYNTHETIC_GENERATOR,HIGH,0.92
2023-10-29,rishop,31.2,26.0,38.2,23.1,15.8,33.1,93.3,45.1,38.1,SYNTHETIC_GENERATOR,HIGH,0.92
2023-10-29,mirik,60.6,58.6,60.8,53.5,8.4,30.6,84.7,71.7,57.3,SYNTHETIC_GENERATOR,HIGH,0.92
2023-10-30,darjeeling,86.7,82.3,81.0,74.3,3.1,10.3,91.0,86.1,67.7,SYNTHETIC_GENERATOR,HIGH,0.92
2023-10-30,kalimpong,62.9,62.0,60.2,57.8,6.5,9.3,90.0,55.2,54.5,SYNTHETIC_GENERATOR,HIGH,0.92
2023-10-30,lava,36.8,32.7,30.0,35.3,4.5,9.2,88.4,34.3,31.3,SYNTHETIC_GENERATOR,HIGH,0.92
2023-10-30,lolegaon,32.4,32.7,28.3,26.7,3.8,12.8,93.7,25.3,35.4,SYNTHETIC_GENERATOR,HIGH,0.92
2023-10-30,rishop,26.4,27.7,23.2,26.2,9.0,12.8,94.3,21.4,26.1,SYNTHETIC_GENERATOR,HIGH,0.92
2023-10-30,mirik,49.1,45.3,43.8,44.3,3.8,5.5,92.3,46.7,44.0,SYNTHETIC_GENERATOR,HIGH,0.92
2023-10-31,darjeeling,87.5,79.7,77.9,74.9,9.7,13.0,89.1,92.5,68.4,SYNTHETIC_GENERATOR,HIGH,0.92
2023-10-31,kalimpong,63.1,61.4,59.0,54.4,2.8,6.8,92.5,55.8,49.2,SYNTHETIC_GENERATOR,HIGH,0.92
2023-10-31,lava,33.9,35.6,31.2,34.4,6.3,10.2,88.7,26.6,33.5,SYNTHETIC_GENERATOR,HIGH,0.92
2023-10-31,lolegaon,28.5,26.6,26.4,24.0,7.7,14.9,85.5,29.2,23.7,SYNTHETIC_GENERATOR,HIGH,0.92
2023-10-31,rishop,26.7,25.9,28.1,22.9,8.3,5.1,93.6,23.7,30.9,SYNTHETIC_GENERATOR,HIGH,0.92
2023-10-31,mirik,50.5,44.8,49.0,40.2,7.8,14.2,84.6,46.6,43.2,SYNTHETIC_GENERATOR,HIGH,0.92
2023-11-01,darjeeling,88.0,84.8,80.8,74.7,4.8,10.9,88.6,91.9,72.4,SYNTHETIC_GENERATOR,HIGH,0.92
2023-11-01,kalimpong,67.1,64.2,60.7,56.7,6.1,8.1,85.5,62.8,54.7,SYNTHETIC_GENERATOR,HIGH,0.92
2023-11-01,lava,36.6,34.4,36.7,30.8,8.0,14.5,84.6,33.6,33.3,SYNTHETIC_GENERATOR,HIGH,0.92
2023-11-01,lolegaon,31.0,30.4,27.2,23.7,3.6,13.8,85.3,31.6,31.5,SYNTHETIC_GENERATOR,HIGH,0.92
2023-11-01,rishop,26.6,26.7,24.1,26.1,6.9,12.4,95.7,25.5,26.6,SYNTHETIC_GENERATOR,HIGH,0.92
2023-11-01,mirik,49.3,45.8,47.5,46.0,3.9,7.9,91.7,47.4,40.7,SYNTHETIC_GENERATOR,HIGH,0.92
2023-11-02,darjeeling,89.8,80.7,85.6,79.6,5.0,6.7,84.9,91.4,69.0,SYNTHETIC_GENERATOR,HIGH,0.92
2023-11-02,kalimpong,60.7,59.8,56.7,52.3,4.0,5.4,87.9,58.1,47.1,SYNTHETIC_GENERATOR,HIGH,0.92
2023-11-02,lava,31.5,30.5,31.3,25.0,7.8,10.0,85.7,29.4,31.8,SYNTHETIC_GENERATOR,HIGH,0.92
2023-11-02,lolegaon,34.6,28.6,34.7,34.1,8.3,12.4,90.2,32.4,38.3,SYNTHETIC_GENERATOR,HIGH,0.92
2023-11-02,rishop,28.3,26.4,24.3,29.0,8.7,8.5,86.1,23.3,33.3,SYNTHETIC_GENERATOR,HIGH,0.92
2023-11-02,mirik,50.5,46.9,49.1,41.5,6.3,8.6,84.8,47.2,40.4,SYNTHETIC_GENERATOR,HIGH,0.92
2023-11-03,darjeeling,96.9,92.7,97.6,80.4,13.9,36.3,93.6,100.0,80.7,SYNTHETIC_GENERATOR,HIGH,0.92
2023-11-03,kalimpong,68.3,63.9,70.9,61.7,16.4,36.0,93.6,81.9,66.5,SYNTHETIC_GENERATOR,HIGH,0.92
2023-11-03,lava,38.3,36.7,43.4,30.3,16.5,35.4,84.7,53.1,41.3,SYNTHETIC_GENERATOR,HIGH,0.92
2023-11-03,lolegaon,32.8,30.7,36.4,28.4,6.8,30.7,84.4,41.8,38.9,SYNTHETIC_GENERATOR,HIGH,0.92
2023-11-03,rishop,34.1,32.8,41.4,28.8,8.3,29.0,94.9,47.4,37.7,SYNTHETIC_GENERATOR,HIGH,0.92
2023-11-03,mirik,55.8,50.3,59.9,45.1,17.7,39.8,91.9,67.9,52.2,SYNTHETIC_GENERATOR,HIGH,0.92
2023-11-04,darjeeling,100.0,96.5,100.0,88.7,17.8,32.8,90.2,100.0,78.0,SYNTHETIC_GENERATOR,HIGH,0.92
2023-11-04,kalimpong,75.5,67.9,80.0,61.6,8.0,38.3,84.2,89.0,63.7,SYNTHETIC_GENERATOR,HIGH,0.92
2023-11-04,lava,42.0,39.0,43.6,41.1,11.6,34.5,92.1,52.3,45.3,SYNTHETIC_GENERATOR,HIGH,0.92
2023-11-04,lolegaon,38.1,31.9,39.7,31.5,9.8,37.0,87.5,52.3,38.5,SYNTHETIC_GENERATOR,HIGH,0.92
2023-11-04,rishop,34.1,32.5,42.8,31.5,13.3,26.3,90.1,41.1,36.4,SYNTHETIC_GENERATOR,HIGH,0.92
2023-11-04,mirik,66.0,64.9,69.9,55.0,9.0,38.0,91.1,78.8,61.5,SYNTHETIC_GENERATOR,HIGH,0.92
2023-11-05,darjeeling,100.0,90.3,97.6,90.7,5.2,37.5,88.9,100.0,77.6,SYNTHETIC_GENERATOR,HIGH,0.92
2023-11-05,kalimpong,77.4,76.4,79.9,67.5,6.0,25.3,92.3,88.5,70.4,SYNTHETIC_GENERATOR,HIGH,0.92
2023-11-05,lava,44.1,42.8,47.9,34.7,5.2,34.7,95.0,51.8,45.8,SYNTHETIC_GENERATOR,HIGH,0.92
2023-11-05,lolegaon,39.5,41.1,42.1,32.6,15.5,33.1,85.2,50.9,43.2,SYNTHETIC_GENERATOR,HIGH,0.92
2023-11-05,rishop,37.2,35.7,44.4,32.4,11.8,25.2,93.3,49.0,38.7,SYNTHETIC_GENERATOR,HIGH,0.92
2023-11-05,mirik,59.8,53.3,63.3,53.3,13.1,27.4,91.3,73.4,57.2,SYNTHETIC_GENERATOR,HIGH,0.92
2023-11-06,darjeeling,90.1,85.0,83.4,79.5,7.1,6.2,90.3,93.4,68.7,SYNTHETIC_GENERATOR,HIGH,0.92
2023-11-06,kalimpong,60.8,53.4,58.4,52.8,4.9,13.4,90.8,60.2,48.1,SYNTHETIC_GENERATOR,HIGH,0.92
2023-11-06,lava,31.5,30.4,26.0,32.2,3.1,13.8,93.2,27.3,33.3,SYNTHETIC_GENERATOR,HIGH,0.92
2023-11-06,lolegaon,32.4,33.1,27.3,23.7,9.8,10.5,84.1,32.6,29.1,SYNTHETIC_GENERATOR,HIGH,0.92
2023-11-06,rishop,31.8,28.8,26.4,23.7,5.7,8.4,87.8,31.5,28.0,SYNTHETIC_GENERATOR,HIGH,0.92
2023-11-06,mirik,53.6,51.8,46.4,45.1,6.8,12.8,85.2,50.3,45.9,SYNTHETIC_GENERATOR,HIGH,0.92
2023-11-07,darjeeling,92.2,87.1,83.1,82.2,6.7,14.4,89.2,91.3,75.6,SYNTHETIC_GENERATOR,HIGH,0.92
2023-11-07,kalimpong,62.6,59.5,57.2,58.2,9.1,14.1,87.2,60.4,56.9,SYNTHETIC_GENERATOR,HIGH,0.92
2023-11-07,lava,33.2,28.3,33.1,27.7,4.3,9.9,94.0,28.2,32.2,SYNTHETIC_GENERATOR,HIGH,0.92
2023-11-07,lolegaon,34.3,29.4,34.3,28.9,8.6,12.1,84.2,32.3,31.8,SYNTHETIC_GENERATOR,HIGH,0.92
2023-11-07,rishop,25.9,23.5,27.2,26.8,5.3,14.5,89.5,21.3,31.1,SYNTHETIC_GENERATOR,HIGH,0.92
2023-11-07,mirik,52.0,46.3,45.1,46.4,4.6,12.2,93.5,43.7,47.0,SYNTHETIC_GENERATOR,HIGH,0.92
2023-11-08,darjeeling,87.0,81.9,83.6,79.7,3.5,11.9,92.6,86.9,71.2,SYNTHETIC_GENERATOR,HIGH,0.92
2023-11-08,kalimpong,63.0,62.7,61.4,58.4,5.0,9.8,84.7,57.7,54.2,SYNTHETIC_GENERATOR,HIGH,0.92
2023-11-08,lava,35.2,34.7,36.0,26.9,6.6,14.7,91.3,33.9,35.7,SYNTHETIC_GENERATOR,HIGH,0.92
2023-11-08,lolegaon,34.1,28.7,28.9,25.8,9.0,12.4,86.7,32.8,31.4,SYNTHETIC_GENERATOR,HIGH,0.92
2023-11-08,rishop,31.1,25.7,29.2,24.4,2.3,5.7,89.2,25.8,34.4,SYNTHETIC_GENERATOR,HIGH,0.92
2023-11-08,mirik,50.5,49.1,50.4,40.3,6.0,12.9,90.7,45.0,44.7,SYNTHETIC_GENERATOR,HIGH,0.92
2023-11-09,darjeeling,88.5,85.7,78.5,78.6,5.7,10.9,90.9,93.3,69.5,SYNTHETIC_GENERATOR,HIGH,0.92
2023-11-09,kalimpong,62.1,62.0,59.3,53.8,7.9,14.6,93.5,58.3,53.8,SYNTHETIC_GENERATOR,HIGH,0.92
2023-11-09,lava,32.3,30.2,32.2,31.5,2.7,14.0,92.7,25.6,32.1,SYNTHETIC_GENERATOR,HIGH,0.92
2023-11-09,lolegaon,30.9,29.5,29.3,24.4,3.5,9.7,87.6,31.7,31.4,SYNTHETIC_GENERATOR,HIGH,0.92
2023-11-09,rishop,31.0,31.0,28.0,27.5,9.1,7.4,94.5,24.4,28.8,SYNTHETIC_GENERATOR,HIGH,0.92
2023-11-09,mirik,50.6,47.9,42.9,43.8,3.6,10.5,95.9,50.5,43.7,SYNTHETIC_GENERATOR,HIGH,0.92
2023-11-10,darjeeling,100.0,97.4,100.0,88.5,17.6,29.8,86.7,100.0,82.8,SYNTHETIC_GENERATOR,HIGH,0.92
2023-11-10,kalimpong,73.2,68.1,72.4,59.9,9.3,31.7,89.3,83.7,60.7,SYNTHETIC_GENERATOR,HIGH,0.92
2023-11-10,lava,35.7,32.4,41.8,29.9,9.7,31.0,86.5,44.7,40.2,SYNTHETIC_GENERATOR,HIGH,0.92
2023-11-10,lolegaon,35.7,32.2,43.0,27.5,11.4,35.5,92.8,48.6,38.0,SYNTHETIC_GENERATOR,HIGH,0.92
2023-11-10,rishop,33.2,34.3,35.3,25.0,6.3,36.7,95.3,40.9,38.3,SYNTHETIC_GENERATOR,HIGH,0.92
2023-11-10,mirik,57.0,51.9,64.0,52.0,5.7,35.5,86.0,65.1,53.6,SYNTHETIC_GENERATOR,HIGH,0.92
2023-11-11,darjeeling,100.0,93.0,97.9,91.2,17.1,35.5,85.0,100.0,82.4,SYNTHETIC_GENERATOR,HIGH,0.92
2023-11-11,kalimpong,75.2,70.2,75.7,69.1,12.4,38.1,84.7,84.4,66.3,SYNTHETIC_GENERATOR,HIGH,0.92
2023-11-11,lava,42.2,42.2,50.2,32.9,6.4,28.2,92.6,49.5,47.8,SYNTHETIC_GENERATOR,HIGH,0.92
2023-11-11,lolegaon,40.0,39.1,42.9,36.5,13.0,25.5,87.4,54.0,38.7,SYNTHETIC_GENERATOR,HIGH,0.92
2023-11-11,rishop,35.9,35.9,42.7,35.0,11.0,33.3,95.2,47.7,40.0,SYNTHETIC_GENERATOR,HIGH,0.92
2023-11-11,mirik,60.9,55.1,66.0,49.2,5.1,30.9,95.5,73.0,55.2,SYNTHETIC_GENERATOR,HIGH,0.92
2023-11-12,darjeeling,100.0,96.2,96.1,100.0,12.5,89.5,88.2,100.0,89.5,SYNTHETIC_GENERATOR,HIGH,0.92
2023-11-12,kalimpong,100.0,95.6,100.0,95.6,12.1,92.6,94.9,100.0,87.2,SYNTHETIC_GENERATOR,HIGH,0.92
2023-11-12,lava,54.4,49.8,59.0,63.8,17.5,91.3,93.1,58.9,57.9,SYNTHETIC_GENERATOR,HIGH,0.92
2023-11-12,lolegaon,42.1,38.5,43.3,44.6,17.5,92.3,90.9,53.1,53.1,SYNTHETIC_GENERATOR,HIGH,0.92
2023-11-12,rishop,40.4,37.4,48.5,50.8,5.8,92.2,92.6,49.1,53.7,SYNTHETIC_GENERATOR,HIGH,0.92
2023-11-12,mirik,77.8,73.0,77.7,82.3,14.3,94.3,91.9,86.2,76.4,SYNTHETIC_GENERATOR,HIGH,0.92
2023-11-13,darjeeling,88.4,83.7,85.0,76.5,3.8,5.0,89.9,89.3,70.2,SYNTHETIC_GENERATOR,HIGH,0.92
2023-11-13,kalimpong,62.6,56.6,58.7,58.4,2.6,7.1,88.6,56.6,49.8,SYNTHETIC_GENERATOR,HIGH,0.92
2023-11-13,lava,37.6,32.8,31.4,33.5,3.5,5.6,86.2,36.5,33.3,SYNTHETIC_GENERATOR,HIGH,0.92
2023-11-13,lolegaon,33.9,30.3,34.0,25.5,7.9,5.3,84.5,33.3,30.8,SYNTHETIC_GENERATOR,HIGH,0.92
2023-11-13,rishop,28.5,28.2,25.1,20.1,8.1,10.4,95.0,25.5,29.5,SYNTHETIC_GENERATOR,HIGH,0.92
2023-11-13,mirik,55.0,48.4,49.7,45.6,3.1,14.3,87.4,51.5,47.0,SYNTHETIC_GENERATOR,HIGH,0.92
2023-11-14,darjeeling,93.1,90.9,85.3,84.5,10.0,10.6,95.8,94.3,77.4,SYNTHETIC_GENERATOR,HIGH,0.92
2023-11-14,kalimpong,60.9,58.0,56.8,52.8,3.3,5.5,95.4,55.1,46.9,SYNTHETIC_GENERATOR,HIGH,0.92
2023-11-14,lava,36.0,36.9,35.5,35.5,3.1,8.7,90.2,28.3,31.9,SYNTHETIC_GENERATOR,HIGH,0.92
2023-11-14,lolegaon,28.6,27.7,22.3,24.6,2.7,8.4,85.9,28.0,28.7,SYNTHETIC_GENERATOR,HIGH,0.92
2023-11-14,rishop,29.4,25.1,26.5,30.4,2.8,13.0,92.7,23.5,26.7,SYNTHETIC_GENERATOR,HIGH,0.92
2023-11-14,mirik,54.2,51.1,53.1,49.9,7.5,10.7,89.2,51.6,51.1,SYNTHETIC_GENERATOR,HIGH,0.92
2023-11-15,darjeeling,89.9,82.2,81.7,79.6,2.7,10.9,87.8,93.7,69.3,SYNTHETIC_GENERATOR,HIGH,0.92
2023-11-15,kalimpong,65.2,58.0,60.4,52.8,2.4,14.9,88.1,58.7,49.9,SYNTHETIC_GENERATOR,HIGH,0.92
2023-11-15,lava,35.0,35.4,33.0,28.0,6.4,8.8,95.3,31.0,29.9,SYNTHETIC_GENERATOR,HIGH,0.92
2023-11-15,lolegaon,34.0,30.2,35.0,28.0,2.4,6.0,90.2,27.6,29.4,SYNTHETIC_GENERATOR,HIGH,0.92
2023-11-15,rishop,30.8,26.3,24.8,27.6,6.9,10.4,91.5,29.8,30.8,SYNTHETIC_GENERATOR,HIGH,0.92
2023-11-15,mirik,49.8,44.8,44.0,43.7,4.2,7.1,85.6,47.8,45.2,SYNTHETIC_GENERATOR,HIGH,0.92
2023-11-16,darjeeling,90.1,81.6,82.3,83.8,4.9,11.0,86.4,88.0,72.1,SYNTHETIC_GENERATOR,HIGH,0.92
2023-11-16,kalimpong,60.4,53.1,53.2,48.7,9.5,12.0,86.6,53.8,51.0,SYNTHETIC_GENERATOR,HIGH,0.92
2023-11-16,lava,36.3,34.1,36.2,28.2,9.0,7.4,92.6,28.3,34.2,SYNTHETIC_GENERATOR,HIGH,0.92
2023-11-16,lolegaon,29.1,26.0,23.1,23.1,3.6,11.8,93.9,25.4,27.6,SYNTHETIC_GENERATOR,HIGH,0.92
2023-11-16,rishop,31.1,27.1,31.2,26.9,4.8,14.0,85.2,27.6,31.2,SYNTHETIC_GENERATOR,HIGH,0.92
2023-11-16,mirik,48.9,43.3,45.8,42.2,9.1,11.9,92.9,44.9,43.7,SYNTHETIC_GENERATOR,HIGH,0.92
2023-11-17,darjeeling,98.0,93.0,100.0,82.8,14.7,33.0,85.4,100.0,79.9,SYNTHETIC_GENERATOR,HIGH,0.92
2023-11-17,kalimpong,72.5,70.7,71.2,62.7,7.1,33.5,93.6,82.5,68.4,SYNTHETIC_GENERATOR,HIGH,0.92
2023-11-17,lava,36.1,33.8,41.2,30.4,12.2,30.5,94.1,50.3,43.0,SYNTHETIC_GENERATOR,HIGH,0.92
2023-11-17,lolegaon,37.2,38.1,41.3,34.7,17.1,26.3,90.1,47.5,40.1,SYNTHETIC_GENERATOR,HIGH,0.92
2023-11-17,rishop,31.5,28.0,35.3,30.4,8.3,34.8,89.3,42.3,40.2,SYNTHETIC_GENERATOR,HIGH,0.92
2023-11-17,mirik,58.9,52.9,60.0,51.0,5.1,34.7,88.5,70.0,53.8,SYNTHETIC_GENERATOR,HIGH,0.92
2023-11-18,darjeeling,100.0,91.4,97.1,91.8,6.5,29.4,85.8,100.0,78.6,SYNTHETIC_GENERATOR,HIGH,0.92
2023-11-18,kalimpong,80.1,74.0,82.9,72.4,8.5,27.3,92.2,94.1,70.3,SYNTHETIC_GENERATOR,HIGH,0.92
2023-11-18,lava,43.8,44.8,48.6,38.5,17.8,39.3,91.4,55.1,48.7,SYNTHETIC_GENERATOR,HIGH,0.92
2023-11-18,lolegaon,37.1,33.4,44.7,28.5,12.8,35.2,87.2,45.9,40.0,SYNTHETIC_GENERATOR,HIGH,0.92
2023-11-18,rishop,34.9,30.7,37.2,35.4,17.9,39.2,95.7,42.8,40.2,SYNTHETIC_GENERATOR,HIGH,0.92
2023-11-18,mirik,64.4,58.3,65.3,53.7,15.6,37.1,86.9,71.5,58.8,SYNTHETIC_GENERATOR,HIGH,0.92
2023-11-19,darjeeling,100.0,96.8,100.0,87.1,9.9,35.8,88.4,100.0,81.0,SYNTHETIC_GENERATOR,HIGH,0.92
2023-11-19,kalimpong,74.7,68.4,75.4,65.3,12.6,38.4,93.6,84.9,61.6,SYNTHETIC_GENERATOR,HIGH,0.92
2023-11-19,lava,42.7,43.3,48.4,42.0,9.7,28.6,88.4,52.2,46.2,SYNTHETIC_GENERATOR,HIGH,0.92
2023-11-19,lolegaon,40.2,38.5,45.0,40.0,5.8,28.1,87.4,47.2,40.0,SYNTHETIC_GENERATOR,HIGH,0.92
2023-11-19,rishop,33.2,30.2,38.8,33.3,12.4,38.9,95.2,47.4,40.1,SYNTHETIC_GENERATOR,HIGH,0.92
2023-11-19,mirik,60.1,58.6,64.1,51.1,17.2,33.6,88.8,74.1,58.5,SYNTHETIC_GENERATOR,HIGH,0.92
2023-11-20,darjeeling,87.7,85.3,78.6,76.7,83.8,6.4,88.4,91.4,78.7,SYNTHETIC_GENERATOR,HIGH,0.92
2023-11-20,kalimpong,63.0,62.7,56.2,60.4,83.6,11.5,91.0,56.9,60.3,SYNTHETIC_GENERATOR,HIGH,0.92
2023-11-20,lava,37.6,38.9,37.1,31.1,4.5,12.2,84.7,33.4,36.0,SYNTHETIC_GENERATOR,HIGH,0.92
2023-11-20,lolegaon,30.0,31.9,29.0,21.6,7.5,6.2,95.3,29.9,34.9,SYNTHETIC_GENERATOR,HIGH,0.92
2023-11-20,rishop,31.9,27.1,26.3,26.8,2.7,14.3,87.4,25.1,25.9,SYNTHETIC_GENERATOR,HIGH,0.92
2023-11-20,mirik,50.7,50.8,46.1,48.7,4.1,13.4,91.8,48.0,49.6,SYNTHETIC_GENERATOR,HIGH,0.92
2023-11-21,darjeeling,68.1,64.0,63.8,56.6,7.2,13.2,84.3,71.3,57.5,SYNTHETIC_GENERATOR,HIGH,0.92
2023-11-21,kalimpong,52.8,47.4,48.1,46.0,6.6,9.0,87.9,47.9,40.1,SYNTHETIC_GENERATOR,HIGH,0.92
2023-11-21,lava,27.4,22.6,28.5,25.6,2.4,12.6,92.4,27.9,31.2,SYNTHETIC_GENERATOR,HIGH,0.92
2023-11-21,lolegaon,22.2,24.3,19.4,21.0,7.3,5.5,84.3,18.8,19.8,SYNTHETIC_GENERATOR,HIGH,0.92
2023-11-21,rishop,25.5,21.4,20.5,20.5,4.6,11.6,95.3,20.3,28.2,SYNTHETIC_GENERATOR,HIGH,0.92
2023-11-21,mirik,44.7,43.6,38.1,43.5,8.1,10.3,91.5,38.4,40.4,SYNTHETIC_GENERATOR,HIGH,0.92
2023-11-22,darjeeling,74.8,73.6,66.4,62.8,7.0,8.5,85.9,79.6,62.2,SYNTHETIC_GENERATOR,HIGH,0.92
2023-11-22,kalimpong,51.3,45.7,49.0,48.7,8.3,8.4,92.6,52.8,48.8,SYNTHETIC_GENERATOR,HIGH,0.92
2023-11-22,lava,26.6,28.2,25.7,20.5,3.9,6.7,91.7,27.0,25.2,SYNTHETIC_GENERATOR,HIGH,0.92
2023-11-22,lolegaon,23.1,21.9,22.1,15.3,4.9,9.7,92.3,25.4,27.3,SYNTHETIC_GENERATOR,HIGH,0.92
2023-11-22,rishop,25.3,26.0,21.1,19.5,5.4,10.1,95.7,22.9,27.9,SYNTHETIC_GENERATOR,HIGH,0.92
2023-11-22,mirik,44.7,38.4,38.6,40.4,8.3,6.2,90.1,39.0,39.0,SYNTHETIC_GENERATOR,HIGH,0.92
2023-11-23,darjeeling,73.8,68.4,64.7,64.9,3.2,6.0,91.7,80.1,61.2,SYNTHETIC_GENERATOR,HIGH,0.92
2023-11-23,kalimpong,53.8,52.0,50.6,44.2,2.7,13.6,92.0,53.9,46.6,SYNTHETIC_GENERATOR,HIGH,0.92
2023-11-23,lava,27.1,27.1,23.0,27.4,8.2,9.8,87.9,27.2,30.0,SYNTHETIC_GENERATOR,HIGH,0.92
2023-11-23,lolegaon,28.6,24.6,27.8,21.7,9.6,14.2,90.1,27.3,30.9,SYNTHETIC_GENERATOR,HIGH,0.92
2023-11-23,rishop,24.8,21.6,26.8,20.3,9.9,13.6,90.8,24.5,26.4,SYNTHETIC_GENERATOR,HIGH,0.92
2023-11-23,mirik,43.9,38.7,44.1,37.7,5.0,13.2,91.4,45.0,37.6,SYNTHETIC_GENERATOR,HIGH,0.92
2023-11-24,darjeeling,78.3,74.9,83.2,66.3,16.7,36.9,89.7,100.0,74.3,SYNTHETIC_GENERATOR,HIGH,0.92
2023-11-24,kalimpong,57.8,52.5,62.6,50.8,6.4,28.5,89.8,71.1,55.4,SYNTHETIC_GENERATOR,HIGH,0.92
2023-11-24,lava,34.1,35.7,41.5,31.5,9.2,25.2,91.9,43.8,37.4,SYNTHETIC_GENERATOR,HIGH,0.92
2023-11-24,lolegaon,25.7,26.4,33.0,19.9,15.8,32.1,88.4,36.4,35.3,SYNTHETIC_GENERATOR,HIGH,0.92
2023-11-24,rishop,28.1,28.7,30.2,22.9,12.4,37.0,95.2,41.7,34.5,SYNTHETIC_GENERATOR,HIGH,0.92
2023-11-24,mirik,48.9,42.5,53.5,47.2,9.4,31.4,84.2,65.8,50.5,SYNTHETIC_GENERATOR,HIGH,0.92
2023-11-25,darjeeling,86.4,83.0,88.2,73.1,9.2,33.2,88.3,100.0,73.9,SYNTHETIC_GENERATOR,HIGH,0.92
2023-11-25,kalimpong,62.1,56.4,64.6,51.2,5.2,34.3,91.8,72.9,56.7,SYNTHETIC_GENERATOR,HIGH,0.92
2023-11-25,lava,37.2,31.7,40.7,37.1,12.4,36.3,89.2,51.9,39.5,SYNTHETIC_GENERATOR,HIGH,0.92
2023-11-25,lolegaon,33.3,30.5,39.2,29.5,7.8,27.5,89.9,45.3,39.3,SYNTHETIC_GENERATOR,HIGH,0.92
2023-11-25,rishop,27.1,26.3,35.1,20.2,13.5,35.1,84.3,43.4,33.2,SYNTHETIC_GENERATOR,HIGH,0.92
2023-11-25,mirik,53.6,50.2,57.7,45.7,15.9,39.0,95.3,67.6,48.6,SYNTHETIC_GENERATOR,HIGH,0.92
2023-11-26,darjeeling,87.6,83.9,87.1,73.2,6.2,36.5,87.9,100.0,77.3,SYNTHETIC_GENERATOR,HIGH,0.92
2023-11-26,kalimpong,63.1,60.4,63.5,51.8,5.6,26.8,84.8,79.7,56.0,SYNTHETIC_GENERATOR,HIGH,0.92
2023-11-26,lava,35.5,33.3,39.7,36.2,12.3,31.8,95.1,46.9,40.8,SYNTHETIC_GENERATOR,HIGH,0.92
2023-11-26,lolegaon,30.0,28.7,34.8,24.5,13.6,31.5,88.8,43.6,36.3,SYNTHETIC_GENERATOR,HIGH,0.92
2023-11-26,rishop,28.9,30.6,37.7,21.3,15.6,30.8,88.2,42.6,40.8,SYNTHETIC_GENERATOR,HIGH,0.92
2023-11-26,mirik,47.1,43.5,50.2,43.4,11.1,25.6,92.9,64.7,49.0,SYNTHETIC_GENERATOR,HIGH,0.92
2023-11-27,darjeeling,71.8,68.4,69.8,62.6,2.9,11.3,91.8,71.7,58.6,SYNTHETIC_GENERATOR,HIGH,0.92
2023-11-27,kalimpong,48.5,47.1,45.4,44.9,3.4,8.5,85.9,44.0,40.5,SYNTHETIC_GENERATOR,HIGH,0.92
2023-11-27,lava,27.0,23.0,23.2,28.6,8.8,11.1,95.0,26.1,26.6,SYNTHETIC_GENERATOR,HIGH,0.92
2023-11-27,lolegaon,24.1,21.8,25.6,20.3,5.5,8.0,88.0,21.1,25.0,SYNTHETIC_GENERATOR,HIGH,0.92
2023-11-27,rishop,25.8,27.6,25.7,20.8,4.1,5.7,94.8,24.4,24.1,SYNTHETIC_GENERATOR,HIGH,0.92
2023-11-27,mirik,42.0,41.5,36.6,39.0,8.9,7.8,89.4,37.4,41.2,SYNTHETIC_GENERATOR,HIGH,0.92
2023-11-28,darjeeling,74.0,72.6,66.2,65.4,7.4,11.6,90.7,73.8,62.4,SYNTHETIC_GENERATOR,HIGH,0.92
2023-11-28,kalimpong,50.0,47.8,45.8,48.4,9.9,11.7,90.4,50.2,45.7,SYNTHETIC_GENERATOR,HIGH,0.92
2023-11-28,lava,27.8,29.0,23.7,22.0,2.8,5.1,94.7,26.3,30.8,SYNTHETIC_GENERATOR,HIGH,0.92
2023-11-28,lolegaon,22.6,21.1,17.1,18.2,9.2,10.2,86.3,22.9,27.4,SYNTHETIC_GENERATOR,HIGH,0.92
2023-11-28,rishop,25.0,22.5,22.8,22.9,8.9,6.3,86.9,19.3,25.5,SYNTHETIC_GENERATOR,HIGH,0.92
2023-11-28,mirik,40.0,41.0,34.0,36.3,6.5,13.2,85.7,39.8,39.7,SYNTHETIC_GENERATOR,HIGH,0.92
2023-11-29,darjeeling,70.3,63.2,61.6,64.2,5.7,13.6,94.4,73.4,56.9,SYNTHETIC_GENERATOR,HIGH,0.92
2023-11-29,kalimpong,51.2,49.2,49.8,49.7,6.4,9.3,93.7,52.4,45.5,SYNTHETIC_GENERATOR,HIGH,0.92
2023-11-29,lava,28.4,30.3,24.2,23.6,4.4,7.6,87.9,25.2,29.9,SYNTHETIC_GENERATOR,HIGH,0.92
2023-11-29,lolegaon,25.6,23.0,26.6,20.5,3.5,13.3,85.9,25.4,28.2,SYNTHETIC_GENERATOR,HIGH,0.92
2023-11-29,rishop,20.5,22.1,16.4,17.6,3.5,9.1,91.9,15.9,23.7,SYNTHETIC_GENERATOR,HIGH,0.92
2023-11-29,mirik,42.0,39.5,40.2,40.0,5.2,13.2,94.0,35.8,41.3,SYNTHETIC_GENERATOR,HIGH,0.92
2023-11-30,darjeeling,73.3,72.8,68.6,66.6,9.2,10.7,87.4,78.0,62.5,SYNTHETIC_GENERATOR,HIGH,0.92
2023-11-30,kalimpong,52.7,46.3,49.8,46.2,9.1,5.6,87.2,54.2,44.9,SYNTHETIC_GENERATOR,HIGH,0.92
2023-11-30,lava,26.2,27.4,20.6,20.3,8.4,13.3,95.4,21.8,29.3,SYNTHETIC_GENERATOR,HIGH,0.92
2023-11-30,lolegaon,23.8,21.5,19.3,23.5,7.8,12.5,93.1,20.3,23.7,SYNTHETIC_GENERATOR,HIGH,0.92
2023-11-30,rishop,20.4,23.1,19.8,15.3,3.1,6.3,88.8,23.6,25.4,SYNTHETIC_GENERATOR,HIGH,0.92
2023-11-30,mirik,39.5,34.9,34.4,34.4,2.5,11.9,92.0,37.0,40.4,SYNTHETIC_GENERATOR,HIGH,0.92
2023-12-01,darjeeling,67.6,67.0,66.3,63.0,6.8,32.2,66.3,92.9,59.0,SYNTHETIC_GENERATOR,HIGH,0.92
2023-12-01,kalimpong,45.7,41.2,49.0,35.8,17.2,27.6,61.8,63.0,48.4,SYNTHETIC_GENERATOR,HIGH,0.92
2023-12-01,lava,28.7,29.5,31.8,20.5,8.5,38.8,68.5,38.5,30.5,SYNTHETIC_GENERATOR,HIGH,0.92
2023-12-01,lolegaon,27.5,28.2,35.8,27.2,16.9,25.2,64.5,38.5,32.3,SYNTHETIC_GENERATOR,HIGH,0.92
2023-12-01,rishop,20.1,21.3,24.8,21.5,5.8,37.2,67.7,38.1,28.6,SYNTHETIC_GENERATOR,HIGH,0.92
2023-12-01,mirik,39.9,39.7,41.5,39.3,13.3,35.4,62.9,53.2,45.8,SYNTHETIC_GENERATOR,HIGH,0.92
2023-12-02,darjeeling,74.1,71.9,77.0,68.8,17.0,25.8,63.3,97.4,60.7,SYNTHETIC_GENERATOR,HIGH,0.92
2023-12-02,kalimpong,53.4,51.6,58.2,45.4,16.3,26.0,60.9,69.6,48.6,SYNTHETIC_GENERATOR,HIGH,0.92
2023-12-02,lava,32.9,31.6,39.8,27.8,14.9,29.2,62.1,45.2,35.5,SYNTHETIC_GENERATOR,HIGH,0.92
2023-12-02,lolegaon,27.8,27.1,33.2,27.2,6.0,27.8,60.6,38.1,25.8,SYNTHETIC_GENERATOR,HIGH,0.92
2023-12-02,rishop,22.8,21.7,32.7,15.5,14.1,39.7,65.6,39.1,30.9,SYNTHETIC_GENERATOR,HIGH,0.92
2023-12-02,mirik,49.1,50.0,49.8,46.8,16.2,32.3,67.3,64.9,47.6,SYNTHETIC_GENERATOR,HIGH,0.92
2023-12-03,darjeeling,75.4,71.7,76.2,67.2,13.1,28.8,63.3,99.0,65.1,SYNTHETIC_GENERATOR,HIGH,0.92
2023-12-03,kalimpong,49.6,43.4,51.0,47.7,17.3,36.2,62.0,66.1,43.2,SYNTHETIC_GENERATOR,HIGH,0.92
2023-12-03,lava,26.6,21.2,35.3,19.9,6.5,27.6,67.1,42.0,30.6,SYNTHETIC_GENERATOR,HIGH,0.92
2023-12-03,lolegaon,25.3,27.4,34.5,24.7,5.0,33.1,61.3,43.4,36.5,SYNTHETIC_GENERATOR,HIGH,0.92
2023-12-03,rishop,22.8,21.0,32.2,15.2,11.5,32.8,65.1,37.3,28.6,SYNTHETIC_GENERATOR,HIGH,0.92
2023-12-03,mirik,39.8,34.7,47.5,36.2,9.9,32.6,63.2,55.9,42.4,SYNTHETIC_GENERATOR,HIGH,0.92
2023-12-04,darjeeling,61.5,55.3,58.0,54.1,7.0,14.0,63.8,65.9,51.3,SYNTHETIC_GENERATOR,HIGH,0.92
2023-12-04,kalimpong,42.5,38.5,37.0,34.2,9.4,9.7,68.5,39.0,40.9,SYNTHETIC_GENERATOR,HIGH,0.92
2023-12-04,lava,21.8,17.7,19.4,23.0,4.8,5.8,68.7,18.3,20.2,SYNTHETIC_GENERATOR,HIGH,0.92
2023-12-04,lolegaon,23.9,19.7,20.3,16.7,9.4,14.6,68.2,20.6,21.2,SYNTHETIC_GENERATOR,HIGH,0.92
2023-12-04,rishop,16.6,14.1,17.3,16.6,5.2,9.4,64.6,18.7,20.9,SYNTHETIC_GENERATOR,HIGH,0.92
2023-12-04,mirik,36.5,36.1,34.9,36.7,2.3,8.8,63.0,33.2,34.0,SYNTHETIC_GENERATOR,HIGH,0.92
2023-12-05,darjeeling,59.0,56.6,54.7,47.9,3.6,6.1,66.9,64.6,49.4,SYNTHETIC_GENERATOR,HIGH,0.92
2023-12-05,kalimpong,42.0,42.3,40.3,33.5,8.6,5.8,69.2,38.0,36.5,SYNTHETIC_GENERATOR,HIGH,0.92
2023-12-05,lava,25.1,25.9,22.1,20.0,7.3,13.8,67.5,24.0,27.3,SYNTHETIC_GENERATOR,HIGH,0.92
2023-12-05,lolegaon,21.2,23.9,17.9,13.7,8.1,6.1,62.9,21.3,19.7,SYNTHETIC_GENERATOR,HIGH,0.92
2023-12-05,rishop,15.9,13.4,13.1,10.3,8.7,5.0,68.5,13.9,22.1,SYNTHETIC_GENERATOR,HIGH,0.92
2023-12-05,mirik,34.2,33.3,31.3,33.4,6.2,12.8,70.5,34.4,30.1,SYNTHETIC_GENERATOR,HIGH,0.92
2023-12-06,darjeeling,57.4,56.9,54.8,53.3,3.0,9.4,60.6,59.4,48.2,SYNTHETIC_GENERATOR,HIGH,0.92
2023-12-06,kalimpong,43.3,40.2,37.0,33.9,3.5,8.1,59.8,40.6,37.4,SYNTHETIC_GENERATOR,HIGH,0.92
2023-12-06,lava,23.6,22.4,24.1,16.9,7.9,14.4,70.0,23.1,27.8,SYNTHETIC_GENERATOR,HIGH,0.92
2023-12-06,lolegaon,18.0,19.8,16.1,19.1,5.3,11.1,70.7,16.7,17.8,SYNTHETIC_GENERATOR,HIGH,0.92
2023-12-06,rishop,20.3,15.9,16.0,19.8,2.9,10.5,59.7,22.6,20.1,SYNTHETIC_GENERATOR,HIGH,0.92
2023-12-06,mirik,35.5,30.7,28.7,26.3,9.5,12.5,65.5,31.9,30.6,SYNTHETIC_GENERATOR,HIGH,0.92
2023-12-07,darjeeling,58.2,57.7,49.6,52.5,4.6,6.8,61.9,62.0,47.0,SYNTHETIC_GENERATOR,HIGH,0.92
2023-12-07,kalimpong,44.8,42.5,38.5,38.6,8.5,6.7,68.3,45.8,41.4,SYNTHETIC_GENERATOR,HIGH,0.92
2023-12-07,lava,19.7,18.1,18.4,16.7,8.6,12.6,70.2,22.6,23.9,SYNTHETIC_GENERATOR,HIGH,0.92
2023-12-07,lolegaon,23.6,25.2,21.7,24.7,7.4,13.8,61.4,25.1,27.6,SYNTHETIC_GENERATOR,HIGH,0.92
2023-12-07,rishop,18.4,19.3,17.0,17.5,9.1,14.6,70.0,20.2,22.5,SYNTHETIC_GENERATOR,HIGH,0.92
2023-12-07,mirik,33.9,29.8,31.6,34.5,2.9,14.7,61.3,34.4,29.4,SYNTHETIC_GENERATOR,HIGH,0.92
2023-12-08,darjeeling,69.9,63.3,70.1,62.6,6.3,33.1,65.1,96.8,60.9,SYNTHETIC_GENERATOR,HIGH,0.92
2023-12-08,kalimpong,50.5,49.3,51.0,44.2,14.2,36.5,70.3,62.6,49.7,SYNTHETIC_GENERATOR,HIGH,0.92
2023-12-08,lava,30.0,28.1,34.7,27.9,10.5,34.4,63.4,43.7,38.8,SYNTHETIC_GENERATOR,HIGH,0.92
2023-12-08,lolegaon,24.7,20.0,32.0,19.4,15.0,34.3,64.6,38.7,30.8,SYNTHETIC_GENERATOR,HIGH,0.92
2023-12-08,rishop,21.9,20.3,28.2,15.4,17.6,31.3,69.2,37.2,27.7,SYNTHETIC_GENERATOR,HIGH,0.92
2023-12-08,mirik,41.3,36.2,47.4,41.3,15.7,27.3,63.7,55.2,41.3,SYNTHETIC_GENERATOR,HIGH,0.92
2023-12-09,darjeeling,80.1,74.5,80.8,67.2,16.3,33.6,60.1,100.0,68.9,SYNTHETIC_GENERATOR,HIGH,0.92
2023-12-09,kalimpong,56.5,56.2,57.3,48.0,12.8,35.1,66.5,67.5,54.8,SYNTHETIC_GENERATOR,HIGH,0.92
2023-12-09,lava,30.4,27.0,33.1,30.4,5.3,29.0,64.7,45.5,30.8,SYNTHETIC_GENERATOR,HIGH,0.92
2023-12-09,lolegaon,31.4,26.0,36.4,28.8,11.3,33.4,65.6,44.8,36.2,SYNTHETIC_GENERATOR,HIGH,0.92
2023-12-09,rishop,24.6,24.6,28.7,20.2,13.0,33.6,63.9,34.6,26.0,SYNTHETIC_GENERATOR,HIGH,0.92
2023-12-09,mirik,48.3,48.2,49.3,42.1,8.8,31.9,70.3,60.6,46.0,SYNTHETIC_GENERATOR,HIGH,0.92
2023-12-10,darjeeling,71.7,68.1,76.4,59.2,10.0,36.6,65.4,92.9,61.9,SYNTHETIC_GENERATOR,HIGH,0.92
2023-12-10,kalimpong,50.0,48.1,56.4,47.8,9.2,27.6,69.0,69.9,52.6,SYNTHETIC_GENERATOR,HIGH,0.92
2023-12-10,lava,26.4,21.9,32.0,22.2,8.8,34.0,59.7,43.1,32.2,SYNTHETIC_GENERATOR,HIGH,0.92
2023-12-10,lolegaon,24.4,23.1,32.6,16.5,16.4,33.6,61.3,40.3,33.3,SYNTHETIC_GENERATOR,HIGH,0.92
2023-12-10,rishop,21.0,19.6,28.7,18.9,8.1,33.9,64.7,38.1,28.6,SYNTHETIC_GENERATOR,HIGH,0.92
2023-12-10,mirik,42.1,43.4,44.6,33.5,17.5,36.8,70.0,53.3,42.2,SYNTHETIC_GENERATOR,HIGH,0.92
2023-12-11,darjeeling,56.9,54.9,54.1,52.7,5.2,10.9,69.4,61.3,47.6,SYNTHETIC_GENERATOR,HIGH,0.92
2023-12-11,kalimpong,45.1,41.3,39.8,40.3,8.1,6.9,64.3,44.2,37.2,SYNTHETIC_GENERATOR,HIGH,0.92
2023-12-11,lava,25.2,27.6,22.6,22.9,6.0,9.8,67.7,19.9,26.8,SYNTHETIC_GENERATOR,HIGH,0.92
2023-12-11,lolegaon,20.3,20.2,15.0,14.0,8.0,9.3,69.7,17.2,22.7,SYNTHETIC_GENERATOR,HIGH,0.92
2023-12-11,rishop,17.1,19.4,14.2,19.7,3.1,11.0,59.5,17.2,16.7,SYNTHETIC_GENERATOR,HIGH,0.92
2023-12-11,mirik,34.6,36.0,34.4,29.2,4.4,5.4,60.7,35.8,26.4,SYNTHETIC_GENERATOR,HIGH,0.92
2023-12-12,darjeeling,56.2,56.1,52.6,48.8,5.8,8.2,64.1,57.3,47.3,SYNTHETIC_GENERATOR,HIGH,0.92
2023-12-12,kalimpong,42.6,38.7,36.9,38.8,7.3,9.4,59.4,41.8,35.0,SYNTHETIC_GENERATOR,HIGH,0.92
2023-12-12,lava,22.7,20.4,21.2,21.8,4.6,11.0,66.2,20.5,26.5,SYNTHETIC_GENERATOR,HIGH,0.92
2023-12-12,lolegaon,19.0,15.7,13.5,20.0,9.8,7.9,67.7,17.0,22.7,SYNTHETIC_GENERATOR,HIGH,0.92
2023-12-12,rishop,16.7,18.3,18.6,10.3,7.9,8.9,66.9,20.6,21.3,SYNTHETIC_GENERATOR,HIGH,0.92
2023-12-12,mirik,35.7,33.3,36.2,32.8,7.1,9.6,60.9,36.7,32.0,SYNTHETIC_GENERATOR,HIGH,0.92
2023-12-13,darjeeling,59.2,56.0,52.4,50.6,4.6,11.8,65.6,60.1,45.8,SYNTHETIC_GENERATOR,HIGH,0.92
2023-12-13,kalimpong,43.1,39.3,41.4,36.1,5.2,14.8,62.9,41.1,35.7,SYNTHETIC_GENERATOR,HIGH,0.92
2023-12-13,lava,19.9,15.2,17.0,13.0,8.8,5.5,62.7,16.6,17.5,SYNTHETIC_GENERATOR,HIGH,0.92
2023-12-13,lolegaon,20.7,21.6,20.2,16.8,3.1,9.4,65.3,22.4,22.8,SYNTHETIC_GENERATOR,HIGH,0.92
2023-12-13,rishop,20.6,16.3,21.3,17.7,4.9,8.0,68.7,20.4,22.3,SYNTHETIC_GENERATOR,HIGH,0.92
2023-12-13,mirik,37.0,32.4,32.7,32.4,6.3,7.2,60.5,33.3,32.7,SYNTHETIC_GENERATOR,HIGH,0.92
2023-12-14,darjeeling,56.0,54.9,53.0,46.7,7.2,14.2,70.8,59.1,49.8,SYNTHETIC_GENERATOR,HIGH,0.92
2023-12-14,kalimpong,42.0,36.9,41.9,32.6,8.4,9.8,64.7,37.4,35.9,SYNTHETIC_GENERATOR,HIGH,0.92
2023-12-14,lava,25.1,23.1,21.6,17.7,3.5,9.5,62.7,22.3,20.5,SYNTHETIC_GENERATOR,HIGH,0.92
2023-12-14,lolegaon,22.5,21.0,23.1,19.9,2.8,10.6,60.3,21.2,18.3,SYNTHETIC_GENERATOR,HIGH,0.92
2023-12-14,rishop,18.8,16.0,20.3,16.5,7.9,9.4,63.5,15.8,21.4,SYNTHETIC_GENERATOR,HIGH,0.92
2023-12-14,mirik,31.2,27.8,26.4,26.4,6.7,10.8,69.7,31.9,26.2,SYNTHETIC_GENERATOR,HIGH,0.92
2023-12-15,darjeeling,67.4,67.1,68.7,60.4,12.5,36.9,67.3,87.6,58.6,SYNTHETIC_GENERATOR,HIGH,0.92
2023-12-15,kalimpong,48.7,46.4,53.1,40.2,17.1,35.6,61.0,66.5,47.0,SYNTHETIC_GENERATOR,HIGH,0.92
2023-12-15,lava,27.1,24.8,33.1,27.9,7.2,29.4,62.3,44.4,32.4,SYNTHETIC_GENERATOR,HIGH,0.92
2023-12-15,lolegaon,26.2,27.8,33.5,25.3,12.6,31.6,65.7,43.3,31.3,SYNTHETIC_GENERATOR,HIGH,0.92
2023-12-15,rishop,24.8,26.4,29.4,23.9,9.5,32.8,70.3,40.0,32.1,SYNTHETIC_GENERATOR,HIGH,0.92
2023-12-15,mirik,37.7,35.0,43.4,35.5,12.9,38.5,69.1,56.1,40.8,SYNTHETIC_GENERATOR,HIGH,0.92
2023-12-16,darjeeling,79.1,72.7,81.1,71.0,16.8,31.8,60.0,97.9,66.2,SYNTHETIC_GENERATOR,HIGH,0.92
2023-12-16,kalimpong,54.4,54.9,61.5,51.0,15.3,36.9,61.5,69.7,55.1,SYNTHETIC_GENERATOR,HIGH,0.92
2023-12-16,lava,33.4,31.6,37.9,29.6,6.1,35.9,66.7,43.2,32.1,SYNTHETIC_GENERATOR,HIGH,0.92
2023-12-16,lolegaon,30.3,25.4,32.5,24.1,17.8,32.4,65.5,41.5,33.4,SYNTHETIC_GENERATOR,HIGH,0.92
2023-12-16,rishop,28.9,27.8,37.7,20.7,15.3,34.9,69.4,43.8,30.9,SYNTHETIC_GENERATOR,HIGH,0.92
2023-12-16,mirik,48.5,45.2,53.2,41.4,6.9,37.9,70.1,62.7,45.2,SYNTHETIC_GENERATOR,HIGH,0.92
2023-12-17,darjeeling,70.4,68.5,69.5,65.2,9.1,32.6,68.0,95.6,59.5,SYNTHETIC_GENERATOR,HIGH,0.92
2023-12-17,kalimpong,54.2,52.3,55.4,49.4,5.3,36.2,60.5,67.5,50.4,SYNTHETIC_GENERATOR,HIGH,0.92
2023-12-17,lava,29.4,23.7,38.7,26.2,16.1,39.8,62.7,43.8,34.4,SYNTHETIC_GENERATOR,HIGH,0.92
2023-12-17,lolegaon,27.7,22.4,30.0,24.7,15.7,37.0,69.3,43.1,34.2,SYNTHETIC_GENERATOR,HIGH,0.92
2023-12-17,rishop,21.0,18.4,30.4,16.5,14.3,28.1,59.8,34.1,26.2,SYNTHETIC_GENERATOR,HIGH,0.92
2023-12-17,mirik,43.2,39.6,47.0,42.2,6.0,35.4,65.1,58.6,39.5,SYNTHETIC_GENERATOR,HIGH,0.92
2023-12-18,darjeeling,84.2,76.8,75.4,75.3,7.6,11.3,65.5,90.1,69.1,SYNTHETIC_GENERATOR,HIGH,0.92
2023-12-18,kalimpong,58.9,54.3,57.8,51.3,4.0,11.5,69.3,58.0,47.3,SYNTHETIC_GENERATOR,HIGH,0.92
2023-12-18,lava,30.6,28.7,25.6,25.4,9.0,6.0,62.5,26.9,26.8,SYNTHETIC_GENERATOR,HIGH,0.92
2023-12-18,lolegaon,27.1,25.5,22.9,23.7,5.7,13.6,65.5,24.5,25.3,SYNTHETIC_GENERATOR,HIGH,0.92
2023-12-18,rishop,28.9,26.2,22.6,29.6,4.4,10.2,63.5,23.8,29.1,SYNTHETIC_GENERATOR,HIGH,0.92
2023-12-18,mirik,48.0,41.4,41.0,47.2,5.7,14.5,66.6,42.0,40.7,SYNTHETIC_GENERATOR,HIGH,0.92
2023-12-19,darjeeling,83.9,81.4,80.5,72.9,4.1,14.8,70.6,82.3,64.1,SYNTHETIC_GENERATOR,HIGH,0.92
2023-12-19,kalimpong,56.8,57.2,48.3,46.4,5.4,9.2,70.2,53.8,43.1,SYNTHETIC_GENERATOR,HIGH,0.92
2023-12-19,lava,29.6,28.9,28.6,25.6,6.2,10.8,66.1,29.4,30.9,SYNTHETIC_GENERATOR,HIGH,0.92
2023-12-19,lolegaon,30.2,24.7,27.7,24.2,8.0,14.2,69.3,28.5,27.0,SYNTHETIC_GENERATOR,HIGH,0.92
2023-12-19,rishop,28.3,22.6,23.4,25.0,8.1,7.8,66.4,24.9,25.4,SYNTHETIC_GENERATOR,HIGH,0.92
2023-12-19,mirik,51.8,45.6,49.3,48.9,8.1,10.4,69.7,44.5,44.3,SYNTHETIC_GENERATOR,HIGH,0.92
2023-12-20,darjeeling,83.6,78.2,80.0,68.8,9.7,13.1,70.5,89.6,66.8,SYNTHETIC_GENERATOR,HIGH,0.92
2023-12-20,kalimpong,61.8,60.7,59.1,57.0,2.3,8.1,61.5,57.9,45.2,SYNTHETIC_GENERATOR,HIGH,0.92
2023-12-20,lava,32.6,27.2,29.9,29.2,5.5,12.5,70.5,27.0,29.5,SYNTHETIC_GENERATOR,HIGH,0.92
2023-12-20,lolegaon,31.5,29.2,31.6,23.7,7.7,11.1,66.5,25.3,30.8,SYNTHETIC_GENERATOR,HIGH,0.92
2023-12-20,rishop,30.2,25.9,30.4,30.3,9.8,6.9,60.5,23.7,27.2,SYNTHETIC_GENERATOR,HIGH,0.92
2023-12-20,mirik,45.4,40.8,43.0,36.7,9.0,13.9,66.3,44.1,39.9,SYNTHETIC_GENERATOR,HIGH,0.92
2023-12-21,darjeeling,82.7,77.4,72.1,75.4,2.5,5.6,67.3,86.4,63.8,SYNTHETIC_GENERATOR,HIGH,0.92
2023-12-21,kalimpong,59.9,53.6,54.1,55.5,8.7,11.4,59.7,56.2,45.6,SYNTHETIC_GENERATOR,HIGH,0.92
2023-12-21,lava,33.2,28.0,31.6,25.7,8.0,10.4,64.6,30.4,29.1,SYNTHETIC_GENERATOR,HIGH,0.92
2023-12-21,lolegaon,31.4,33.4,31.8,28.4,3.6,6.8,59.9,28.3,26.1,SYNTHETIC_GENERATOR,HIGH,0.92
2023-12-21,rishop,25.6,21.2,21.9,20.2,9.1,11.5,61.6,22.7,27.2,SYNTHETIC_GENERATOR,HIGH,0.92
2023-12-21,mirik,45.5,40.3,40.9,39.4,7.5,7.2,64.7,39.6,39.4,SYNTHETIC_GENERATOR,HIGH,0.92
2023-12-22,darjeeling,92.0,88.0,90.0,85.3,7.0,25.5,66.1,100.0,74.3,SYNTHETIC_GENERATOR,HIGH,0.92
2023-12-22,kalimpong,65.8,58.9,69.1,54.9,17.5,33.8,59.1,79.0,62.1,SYNTHETIC_GENERATOR,HIGH,0.92
2023-12-22,lava,37.1,31.1,38.9,30.1,9.3,37.0,70.6,44.5,34.5,SYNTHETIC_GENERATOR,HIGH,0.92
2023-12-22,lolegaon,30.3,30.5,32.2,26.2,7.1,26.6,65.5,42.3,33.6,SYNTHETIC_GENERATOR,HIGH,0.92
2023-12-22,rishop,27.3,25.7,36.2,25.6,11.4,27.8,59.3,42.5,30.2,SYNTHETIC_GENERATOR,HIGH,0.92
2023-12-22,mirik,56.5,55.1,62.3,54.7,6.4,27.5,68.7,72.2,57.2,SYNTHETIC_GENERATOR,HIGH,0.92
2023-12-23,darjeeling,100.0,90.1,98.1,85.4,5.7,39.7,68.9,100.0,77.2,SYNTHETIC_GENERATOR,HIGH,0.92
2023-12-23,kalimpong,76.2,69.1,75.3,68.5,5.2,30.1,61.6,88.7,66.7,SYNTHETIC_GENERATOR,HIGH,0.92
2023-12-23,lava,42.2,36.8,48.7,41.5,14.5,33.8,62.7,54.6,43.3,SYNTHETIC_GENERATOR,HIGH,0.92
2023-12-23,lolegaon,34.5,33.4,37.4,27.2,13.3,30.3,60.1,49.7,34.0,SYNTHETIC_GENERATOR,HIGH,0.92
2023-12-23,rishop,33.8,28.4,38.8,32.9,14.4,25.4,70.6,41.6,39.6,SYNTHETIC_GENERATOR,HIGH,0.92
2023-12-23,mirik,59.6,56.3,59.7,47.8,6.4,33.6,60.3,74.6,51.0,SYNTHETIC_GENERATOR,HIGH,0.92
2023-12-24,darjeeling,97.5,95.0,94.4,88.9,12.0,31.1,68.1,100.0,75.9,SYNTHETIC_GENERATOR,HIGH,0.92
2023-12-24,kalimpong,69.3,65.0,71.2,64.8,17.7,35.1,60.5,81.9,59.2,SYNTHETIC_GENERATOR,HIGH,0.92
2023-12-24,lava,41.9,42.6,46.5,34.6,10.9,25.4,68.0,51.3,37.9,SYNTHETIC_GENERATOR,HIGH,0.92
2023-12-24,lolegaon,38.3,32.9,39.5,31.6,16.0,27.0,64.2,45.5,32.3,SYNTHETIC_GENERATOR,HIGH,0.92
2023-12-24,rishop,31.6,31.6,39.2,32.1,15.0,39.1,61.4,43.8,36.5,SYNTHETIC_GENERATOR,HIGH,0.92
2023-12-24,mirik,55.5,50.8,56.9,49.2,11.6,29.1,70.3,64.0,49.0,SYNTHETIC_GENERATOR,HIGH,0.92
2023-12-25,darjeeling,100.0,91.8,95.7,99.1,4.2,88.4,67.6,97.3,84.9,SYNTHETIC_GENERATOR,HIGH,0.92
2023-12-25,kalimpong,81.9,76.9,78.9,80.6,2.1,92.0,59.0,72.5,70.4,SYNTHETIC_GENERATOR,HIGH,0.92
2023-12-25,lava,38.5,32.7,31.6,46.1,4.0,89.0,67.6,32.8,41.1,SYNTHETIC_GENERATOR,HIGH,0.92
2023-12-25,lolegaon,32.2,30.4,30.2,43.1,10.0,88.1,60.4,31.3,39.8,SYNTHETIC_GENERATOR,HIGH,0.92
2023-12-25,rishop,29.1,31.0,29.6,36.5,8.0,90.6,68.8,23.0,32.2,SYNTHETIC_GENERATOR,HIGH,0.92
2023-12-25,mirik,64.9,61.7,60.0,71.8,7.8,91.2,66.4,57.1,60.5,SYNTHETIC_GENERATOR,HIGH,0.92
2023-12-26,darjeeling,84.0,80.8,75.7,78.8,9.6,14.4,69.4,86.5,64.6,SYNTHETIC_GENERATOR,HIGH,0.92
2023-12-26,kalimpong,57.6,50.5,56.4,53.8,9.8,10.2,67.2,52.4,46.8,SYNTHETIC_GENERATOR,HIGH,0.92
2023-12-26,lava,29.7,24.7,30.0,30.7,2.7,6.0,69.6,25.6,25.9,SYNTHETIC_GENERATOR,HIGH,0.92
2023-12-26,lolegaon,28.8,25.1,26.5,27.9,9.7,8.1,70.7,23.9,24.9,SYNTHETIC_GENERATOR,HIGH,0.92
2023-12-26,rishop,25.3,26.6,19.4,20.9,4.6,7.4,64.0,19.4,21.0,SYNTHETIC_GENERATOR,HIGH,0.92
2023-12-26,mirik,49.4,44.4,46.1,45.5,8.9,9.3,60.8,41.9,44.5,SYNTHETIC_GENERATOR,HIGH,0.92
2023-12-27,darjeeling,80.6,72.9,77.2,73.1,8.5,12.1,65.5,79.6,57.5,SYNTHETIC_GENERATOR,HIGH,0.92
2023-12-27,kalimpong,60.5,57.0,56.4,55.9,9.7,6.5,69.7,53.9,48.1,SYNTHETIC_GENERATOR,HIGH,0.92
2023-12-27,lava,32.6,30.7,26.6,26.3,4.6,6.4,61.7,32.5,27.3,SYNTHETIC_GENERATOR,HIGH,0.92
2023-12-27,lolegaon,28.4,30.3,23.9,29.9,2.1,7.9,60.9,22.9,24.8,SYNTHETIC_GENERATOR,HIGH,0.92
2023-12-27,rishop,28.9,30.8,27.0,23.8,6.4,11.9,70.3,26.8,29.6,SYNTHETIC_GENERATOR,HIGH,0.92
2023-12-27,mirik,47.5,40.8,45.0,45.7,2.9,5.3,64.6,41.4,32.2,SYNTHETIC_GENERATOR,HIGH,0.92
2023-12-28,darjeeling,80.6,75.2,70.3,66.8,6.5,10.2,64.5,79.2,60.0,SYNTHETIC_GENERATOR,HIGH,0.92
2023-12-28,kalimpong,57.1,57.5,49.5,52.6,9.4,9.3,63.2,51.0,42.1,SYNTHETIC_GENERATOR,HIGH,0.92
2023-12-28,lava,33.5,29.6,31.1,28.2,6.0,9.3,68.0,27.7,31.3,SYNTHETIC_GENERATOR,HIGH,0.92
2023-12-28,lolegaon,32.6,32.7,28.5,30.9,9.8,8.1,61.1,26.4,24.8,SYNTHETIC_GENERATOR,HIGH,0.92
2023-12-28,rishop,26.6,28.9,27.3,21.4,8.6,5.3,66.5,22.8,28.6,SYNTHETIC_GENERATOR,HIGH,0.92
2023-12-28,mirik,50.3,48.3,43.9,46.6,5.9,6.5,61.8,46.7,40.6,SYNTHETIC_GENERATOR,HIGH,0.92
2023-12-29,darjeeling,92.2,86.6,92.1,77.8,17.2,36.4,68.0,100.0,70.3,SYNTHETIC_GENERATOR,HIGH,0.92
2023-12-29,kalimpong,65.7,65.7,68.5,61.3,14.1,30.8,63.2,80.8,60.4,SYNTHETIC_GENERATOR,HIGH,0.92
2023-12-29,lava,35.7,30.8,37.9,36.3,17.4,34.3,64.3,51.2,40.0,SYNTHETIC_GENERATOR,HIGH,0.92
2023-12-29,lolegaon,35.7,31.7,41.8,31.1,15.8,34.9,65.9,48.4,36.5,SYNTHETIC_GENERATOR,HIGH,0.92
2023-12-29,rishop,29.5,24.0,38.9,22.0,11.6,32.5,64.8,39.9,33.9,SYNTHETIC_GENERATOR,HIGH,0.92
2023-12-29,mirik,57.1,56.2,59.0,48.3,10.5,36.1,63.5,66.2,52.9,SYNTHETIC_GENERATOR,HIGH,0.92
2023-12-30,darjeeling,99.0,89.8,100.0,86.4,8.3,36.1,63.3,100.0,76.5,SYNTHETIC_GENERATOR,HIGH,0.92
2023-12-30,kalimpong,76.7,73.4,76.8,65.3,15.6,36.5,60.2,90.1,64.7,SYNTHETIC_GENERATOR,HIGH,0.92
2023-12-30,lava,40.4,35.5,45.6,35.9,11.0,25.0,67.0,48.6,39.9,SYNTHETIC_GENERATOR,HIGH,0.92
2023-12-30,lolegaon,38.7,36.4,46.5,37.1,14.4,32.9,62.3,51.9,44.0,SYNTHETIC_GENERATOR,HIGH,0.92
2023-12-30,rishop,34.3,36.2,38.8,33.8,5.2,37.7,68.8,48.8,38.8,SYNTHETIC_GENERATOR,HIGH,0.92
2023-12-30,mirik,63.2,57.9,67.4,53.4,15.4,27.8,69.4,70.8,56.7,SYNTHETIC_GENERATOR,HIGH,0.92
2023-12-31,darjeeling,100.0,92.5,100.0,100.0,5.1,100.0,65.0,100.0,85.3,SYNTHETIC_GENERATOR,HIGH,0.92
2023-12-31,kalimpong,93.6,91.9,91.7,90.0,14.1,96.0,64.4,100.0,78.6,SYNTHETIC_GENERATOR,HIGH,0.92
2023-12-31,lava,48.9,49.3,49.4,50.9,8.6,100.0,61.5,60.3,52.2,SYNTHETIC_GENERATOR,HIGH,0.92
2023-12-31,lolegaon,39.2,38.4,46.0,47.4,11.1,98.8,64.0,52.1,48.7,SYNTHETIC_GENERATOR,HIGH,0.92
2023-12-31,rishop,35.9,34.8,40.1,47.9,14.9,100.0,67.2,47.0,46.7,SYNTHETIC_GENERATOR,HIGH,0.92
2023-12-31,mirik,74.9,67.2,78.1,81.4,13.3,99.6,62.9,82.2,70.4,SYNTHETIC_GENERATOR,HIGH,0.92
